[0m20:44:29.602862 [debug] [MainThread]: Sending event: {'category': 'dbt', 'action': 'invocation', 'label': 'start', 'context': [<snowplow_tracker.self_describing_json.SelfDescribingJson object at 0x0000018466DDA900>, <snowplow_tracker.self_describing_json.SelfDescribingJson object at 0x00000184645FE0D0>, <snowplow_tracker.self_describing_json.SelfDescribingJson object at 0x0000018469753C50>]}


============================== 20:44:29.610146 | a379a72a-c437-44e2-8162-f5ecd26f0bd1 ==============================
[0m20:44:29.610146 [info ] [MainThread]: Running with dbt=1.12.0
[0m20:44:29.611287 [debug] [MainThread]: running dbt with arguments {'static_parser': 'True', 'no_print': 'None', 'maximum_seed_size_mib': '1', 'target_path': 'None', 'version_check': 'True', 'warn_error_options': 'WarnErrorOptionsV2(error=[], warn=[], silence=[])', 'printer_width': '80', 'write_json': 'True', 'empty': 'False', 'log_cache_events': 'False', 'introspect': 'True', 'cache_selected_only': 'False', 'log_format': 'default', 'debug': 'False', 'fail_fast': 'False', 'partial_parse': 'True', 'send_anonymous_usage_stats': 'True', 'quiet': 'False', 'warn_error': 'None', 'profiles_dir': 'D:\\NYC_Taxi_Project\\dbt', 'indirect_selection': 'eager', 'hints_enabled': 'True', 'use_colors': 'True', 'use_experimental_parser': 'False', 'invocation_command': 'dbt run --select stg_trip', 'log_path': 'D:\\NYC_Taxi_Project\\dbt\\logs'}
[0m20:44:29.860248 [debug] [MainThread]: Sending event: {'category': 'dbt', 'action': 'project_id', 'label': 'a379a72a-c437-44e2-8162-f5ecd26f0bd1', 'context': [<snowplow_tracker.self_describing_json.SelfDescribingJson object at 0x00000184695BBE10>]}
[0m20:44:29.909620 [debug] [MainThread]: Sending event: {'category': 'dbt', 'action': 'adapter_info', 'label': 'a379a72a-c437-44e2-8162-f5ecd26f0bd1', 'context': [<snowplow_tracker.self_describing_json.SelfDescribingJson object at 0x000001846460D6A0>]}
[0m20:44:29.910498 [info ] [MainThread]: Registered adapter: postgres=1.11.0
[0m20:44:30.066191 [debug] [MainThread]: checksum: d266517bde050d9204aee05e09a0f60d0aff1ba26c776ccef1af446d5bccf069, vars: {}, profile: nyc_taxi, target: dev, version: 1.12.0
[0m20:44:30.067196 [info ] [MainThread]: Unable to do partial parsing because saved manifest not found. Starting full parse.
[0m20:44:30.067668 [debug] [MainThread]: Sending event: {'category': 'dbt', 'action': 'partial_parser', 'label': 'a379a72a-c437-44e2-8162-f5ecd26f0bd1', 'context': [<snowplow_tracker.self_describing_json.SelfDescribingJson object at 0x00000184697FDF50>]}
[0m20:44:30.821433 [warn ] [MainThread]: [[33mWARNING[0m]: Configuration paths exist in your dbt_project.yml file which do not apply to any resources.
There are 2 unused configuration paths:
- models.nyc_taxi.marts
- models.nyc_taxi.intermediate
[0m20:44:30.824740 [debug] [MainThread]: Sending event: {'category': 'dbt', 'action': 'load_project', 'label': 'a379a72a-c437-44e2-8162-f5ecd26f0bd1', 'context': [<snowplow_tracker.self_describing_json.SelfDescribingJson object at 0x0000018469FE7980>]}
[0m20:44:30.884547 [debug] [MainThread]: Wrote artifact WritableManifest to D:\NYC_Taxi_Project\dbt\target\manifest.json
[0m20:44:30.887603 [debug] [MainThread]: Wrote artifact SemanticManifest to D:\NYC_Taxi_Project\dbt\target\semantic_manifest.json
[0m20:44:30.902222 [debug] [MainThread]: Wrote artifact OsiDocument to D:\NYC_Taxi_Project\dbt\target\osi_document.json
[0m20:44:30.911728 [debug] [MainThread]: Sending event: {'category': 'dbt', 'action': 'resource_counts', 'label': 'a379a72a-c437-44e2-8162-f5ecd26f0bd1', 'context': [<snowplow_tracker.self_describing_json.SelfDescribingJson object at 0x000001846A216C10>]}
[0m20:44:30.912093 [info ] [MainThread]: Found 1 model, 6 sources, 477 macros
[0m20:44:30.912610 [debug] [MainThread]: Sending event: {'category': 'dbt', 'action': 'runnable_timing', 'label': 'a379a72a-c437-44e2-8162-f5ecd26f0bd1', 'context': [<snowplow_tracker.self_describing_json.SelfDescribingJson object at 0x0000018469E1D640>]}
[0m20:44:30.914270 [info ] [MainThread]: 
[0m20:44:30.914816 [info ] [MainThread]: Concurrency: 4 threads (target='dev')
[0m20:44:30.915163 [info ] [MainThread]: 
[0m20:44:30.915618 [debug] [MainThread]: Acquiring new postgres connection 'master'
[0m20:44:30.916461 [debug] [ThreadPool]: Acquiring new postgres connection 'list_postgres'
[0m20:44:30.957042 [debug] [ThreadPool]: Using postgres connection "list_postgres"
[0m20:44:30.957370 [debug] [ThreadPool]: On list_postgres: /* {"app": "dbt", "dbt_version": "1.12.0", "profile_name": "nyc_taxi", "target_name": "dev", "connection_name": "list_postgres"} */

    select distinct nspname from pg_namespace
  
[0m20:44:30.957564 [debug] [ThreadPool]: Opening a new connection, currently in state init
[0m20:44:31.047581 [debug] [ThreadPool]: Postgres adapter: Got a retryable error when attempting to open a postgres connection.
1 attempts remaining. Retrying in 0 seconds.
Error:
could not translate host name "db.gjrilbelpdesjaqhsjlt.supabase.co" to address: Name or service not known

[0m20:44:31.050423 [debug] [ThreadPool]: Postgres adapter: Error running SQL: /* {"app": "dbt", "dbt_version": "1.12.0", "profile_name": "nyc_taxi", "target_name": "dev", "connection_name": "list_postgres"} */

    select distinct nspname from pg_namespace
  
[0m20:44:31.051197 [debug] [ThreadPool]: Postgres adapter: Rolling back transaction.
[0m20:44:31.052011 [debug] [ThreadPool]: Postgres adapter: Error running SQL: macro list_schemas
[0m20:44:31.052694 [debug] [ThreadPool]: Postgres adapter: Rolling back transaction.
[0m20:44:31.053230 [debug] [ThreadPool]: On list_postgres: No close available on handle
[0m20:44:31.054705 [debug] [MainThread]: Connection 'master' was properly closed.
[0m20:44:31.055261 [debug] [MainThread]: Connection 'list_postgres' was properly closed.
[0m20:44:31.055895 [info ] [MainThread]: 
[0m20:44:31.056981 [info ] [MainThread]: Finished running  in 0 hours 0 minutes and 0.14 seconds (0.14s).
[0m20:44:31.058326 [error] [MainThread]: [[31mERROR[0m]: Encountered an error:
Database Error
  could not translate host name "db.gjrilbelpdesjaqhsjlt.supabase.co" to address: Name or service not known
  
[0m20:44:31.059818 [debug] [MainThread]: Command `dbt run` failed at 20:44:31.059656 after 1.67 seconds
[0m20:44:31.060290 [debug] [MainThread]: Sending event: {'category': 'dbt', 'action': 'invocation', 'label': 'end', 'context': [<snowplow_tracker.self_describing_json.SelfDescribingJson object at 0x000001846A222450>, <snowplow_tracker.self_describing_json.SelfDescribingJson object at 0x000001846B42BCD0>, <snowplow_tracker.self_describing_json.SelfDescribingJson object at 0x000001846B42BD80>]}
[0m20:44:31.060760 [debug] [MainThread]: Flushing usage events
[0m20:44:32.300600 [debug] [MainThread]: An error was encountered while trying to flush usage events
[0m20:51:41.595828 [debug] [MainThread]: Sending event: {'category': 'dbt', 'action': 'invocation', 'label': 'start', 'context': [<snowplow_tracker.self_describing_json.SelfDescribingJson object at 0x0000017194DA0590>, <snowplow_tracker.self_describing_json.SelfDescribingJson object at 0x0000017192308B90>, <snowplow_tracker.self_describing_json.SelfDescribingJson object at 0x00000171972AFB10>]}


============================== 20:51:41.601051 | 672a985a-6be8-4852-826b-7695683f18d5 ==============================
[0m20:51:41.601051 [info ] [MainThread]: Running with dbt=1.12.0
[0m20:51:41.601745 [debug] [MainThread]: running dbt with arguments {'version_check': 'True', 'no_print': 'None', 'static_parser': 'True', 'warn_error_options': 'WarnErrorOptionsV2(error=[], warn=[], silence=[])', 'target_path': 'None', 'maximum_seed_size_mib': '1', 'printer_width': '80', 'write_json': 'True', 'empty': 'None', 'log_cache_events': 'False', 'introspect': 'True', 'cache_selected_only': 'False', 'fail_fast': 'False', 'debug': 'False', 'log_format': 'default', 'profiles_dir': 'dbt', 'send_anonymous_usage_stats': 'True', 'quiet': 'False', 'warn_error': 'None', 'partial_parse': 'True', 'invocation_command': 'dbt debug --project-dir dbt --profiles-dir dbt', 'hints_enabled': 'True', 'indirect_selection': 'eager', 'use_experimental_parser': 'False', 'use_colors': 'True', 'log_path': 'dbt\\logs'}
[0m20:51:41.617882 [info ] [MainThread]: dbt version: 1.12.0
[0m20:51:41.619314 [info ] [MainThread]: python version: 3.14.6
[0m20:51:41.620408 [info ] [MainThread]: python path: D:\NYC_Taxi_Project\.venv\Scripts\python.exe
[0m20:51:41.621467 [info ] [MainThread]: os info: Windows-11-10.0.26200-SP0
[0m20:51:41.811882 [info ] [MainThread]: Using profiles dir at dbt
[0m20:51:41.814498 [info ] [MainThread]: Using profiles.yml file at dbt\profiles.yml
[0m20:51:41.815686 [info ] [MainThread]: Using dbt_project.yml file at dbt\dbt_project.yml
[0m20:51:41.817133 [info ] [MainThread]: adapter type: postgres
[0m20:51:41.817510 [info ] [MainThread]: adapter version: 1.11.0
[0m20:51:41.937553 [info ] [MainThread]: Configuration:
[0m20:51:41.938072 [info ] [MainThread]:   profiles.yml file [[32mOK found and valid[0m]
[0m20:51:41.938410 [info ] [MainThread]:   dbt_project.yml file [[32mOK found and valid[0m]
[0m20:51:41.938765 [info ] [MainThread]: Required dependencies:
[0m20:51:41.939066 [debug] [MainThread]: Executing "git --help"
[0m20:51:41.977102 [debug] [MainThread]: STDOUT: "b"usage: git [-v | --version] [-h | --help] [-C <path>] [-c <name>=<value>]\n           [--exec-path[=<path>]] [--html-path] [--man-path] [--info-path]\n           [-p | --paginate | -P | --no-pager] [--no-replace-objects] [--no-lazy-fetch]\n           [--no-optional-locks] [--no-advice] [--bare] [--git-dir=<path>]\n           [--work-tree=<path>] [--namespace=<name>] [--config-env=<name>=<envvar>]\n           <command> [<args>]\n\nThese are common Git commands used in various situations:\n\nstart a working area (see also: git help tutorial)\n   clone      Clone a repository into a new directory\n   init       Create an empty Git repository or reinitialize an existing one\n\nwork on the current change (see also: git help everyday)\n   add        Add file contents to the index\n   mv         Move or rename a file, a directory, or a symlink\n   restore    Restore working tree files\n   rm         Remove files from the working tree and from the index\n\nexamine the history and state (see also: git help revisions)\n   bisect     Use binary search to find the commit that introduced a bug\n   diff       Show changes between commits, commit and working tree, etc\n   grep       Print lines matching a pattern\n   log        Show commit logs\n   show       Show various types of objects\n   status     Show the working tree status\n\ngrow, mark and tweak your common history\n   backfill   Download missing objects in a partial clone\n   branch     List, create, or delete branches\n   commit     Record changes to the repository\n   history    EXPERIMENTAL: Rewrite history\n   merge      Join two or more development histories together\n   rebase     Reapply commits on top of another base tip\n   reset      Set `HEAD` or the index to a known state\n   switch     Switch branches\n   tag        Create, list, delete or verify tags\n\ncollaborate (see also: git help workflows)\n   fetch      Download objects and refs from another repository\n   pull       Fetch from and integrate with another repository or a local branch\n   push       Update remote refs along with associated objects\n\n'git help -a' and 'git help -g' list available subcommands and some\nconcept guides. See 'git help <command>' or 'git help <concept>'\nto read about a specific subcommand or concept.\nSee 'git help git' for an overview of the system.\n""
[0m20:51:41.977495 [debug] [MainThread]: STDERR: "b''"
[0m20:51:41.977812 [info ] [MainThread]:  - git [[32mOK found[0m]

[0m20:51:41.978255 [info ] [MainThread]: Connection:
[0m20:51:41.978754 [info ] [MainThread]:   host: db.gjrilbelpdesjaqhsjlt.supabase.co
[0m20:51:41.979075 [info ] [MainThread]:   port: 5432
[0m20:51:41.979383 [info ] [MainThread]:   user: postgres
[0m20:51:41.979660 [info ] [MainThread]:   database: postgres
[0m20:51:41.980036 [info ] [MainThread]:   schema: public
[0m20:51:41.980392 [info ] [MainThread]:   connect_timeout: 10
[0m20:51:41.980702 [info ] [MainThread]:   role: None
[0m20:51:41.980962 [info ] [MainThread]:   search_path: None
[0m20:51:41.981290 [info ] [MainThread]:   keepalives_idle: 0
[0m20:51:41.981629 [info ] [MainThread]:   sslmode: None
[0m20:51:41.981979 [info ] [MainThread]:   sslcert: None
[0m20:51:41.982398 [info ] [MainThread]:   sslkey: None
[0m20:51:41.982801 [info ] [MainThread]:   sslrootcert: None
[0m20:51:41.983382 [info ] [MainThread]:   application_name: dbt
[0m20:51:41.983800 [info ] [MainThread]:   autocommit: False
[0m20:51:41.984133 [info ] [MainThread]:   retries: 1
[0m20:51:41.984656 [info ] [MainThread]: Registered adapter: postgres=1.11.0
[0m20:51:42.121189 [debug] [MainThread]: Acquiring new postgres connection 'debug'
[0m20:51:42.158274 [debug] [MainThread]: Using postgres connection "debug"
[0m20:51:42.158585 [debug] [MainThread]: On debug: select 1 as id
[0m20:51:42.158780 [debug] [MainThread]: Opening a new connection, currently in state init
[0m20:51:42.858871 [debug] [MainThread]: SQL status: SELECT 1 in 0.700 seconds
[0m20:51:42.861706 [debug] [MainThread]: On debug: Close
[0m20:51:42.863340 [info ] [MainThread]:   Connection test: [[32mOK connection ok[0m]

[0m20:51:42.864288 [info ] [MainThread]: [32mAll checks passed![0m
[0m20:51:42.865697 [debug] [MainThread]: Command `dbt debug` succeeded at 20:51:42.865468 after 1.50 seconds
[0m20:51:42.866310 [debug] [MainThread]: Connection 'debug' was properly closed.
[0m20:51:42.866937 [debug] [MainThread]: Sending event: {'category': 'dbt', 'action': 'invocation', 'label': 'end', 'context': [<snowplow_tracker.self_describing_json.SelfDescribingJson object at 0x000001719735F820>, <snowplow_tracker.self_describing_json.SelfDescribingJson object at 0x00000171975F39B0>, <snowplow_tracker.self_describing_json.SelfDescribingJson object at 0x0000017195556690>]}
[0m20:51:42.867753 [debug] [MainThread]: Flushing usage events
[0m20:51:44.022281 [debug] [MainThread]: An error was encountered while trying to flush usage events
[0m20:51:52.457917 [debug] [MainThread]: Sending event: {'category': 'dbt', 'action': 'invocation', 'label': 'start', 'context': [<snowplow_tracker.self_describing_json.SelfDescribingJson object at 0x00000253D23E0590>, <snowplow_tracker.self_describing_json.SelfDescribingJson object at 0x00000253CF95CB90>, <snowplow_tracker.self_describing_json.SelfDescribingJson object at 0x00000253D4973890>]}


============================== 20:51:52.460866 | 33b8cd45-1ad4-4251-b3a3-36917cdf1a55 ==============================
[0m20:51:52.460866 [info ] [MainThread]: Running with dbt=1.12.0
[0m20:51:52.461341 [debug] [MainThread]: running dbt with arguments {'version_check': 'True', 'no_print': 'None', 'maximum_seed_size_mib': '1', 'warn_error_options': 'WarnErrorOptionsV2(error=[], warn=[], silence=[])', 'target_path': 'None', 'static_parser': 'True', 'printer_width': '80', 'write_json': 'True', 'empty': 'False', 'log_cache_events': 'False', 'introspect': 'True', 'cache_selected_only': 'False', 'fail_fast': 'False', 'debug': 'False', 'log_format': 'default', 'profiles_dir': 'dbt', 'send_anonymous_usage_stats': 'True', 'quiet': 'False', 'warn_error': 'None', 'partial_parse': 'True', 'invocation_command': 'dbt run --select stg_trip --project-dir dbt --profiles-dir dbt', 'hints_enabled': 'True', 'use_colors': 'True', 'use_experimental_parser': 'False', 'indirect_selection': 'eager', 'log_path': 'dbt\\logs'}
[0m20:51:52.598144 [debug] [MainThread]: Sending event: {'category': 'dbt', 'action': 'project_id', 'label': '33b8cd45-1ad4-4251-b3a3-36917cdf1a55', 'context': [<snowplow_tracker.self_describing_json.SelfDescribingJson object at 0x00000253D48F2B10>]}
[0m20:51:52.651079 [debug] [MainThread]: Sending event: {'category': 'dbt', 'action': 'adapter_info', 'label': '33b8cd45-1ad4-4251-b3a3-36917cdf1a55', 'context': [<snowplow_tracker.self_describing_json.SelfDescribingJson object at 0x00000253CF8BBF00>]}
[0m20:51:52.652037 [info ] [MainThread]: Registered adapter: postgres=1.11.0
[0m20:51:52.792448 [debug] [MainThread]: checksum: d266517bde050d9204aee05e09a0f60d0aff1ba26c776ccef1af446d5bccf069, vars: {}, profile: nyc_taxi, target: dev, version: 1.12.0
[0m20:51:52.880793 [debug] [MainThread]: Partial parsing enabled: 0 files deleted, 0 files added, 0 files changed.
[0m20:51:52.881117 [debug] [MainThread]: Nothing changed, skipping partial parsing.
[0m20:51:52.881311 [debug] [MainThread]: Partial parsing enabled, no changes found, skipping parsing
[0m20:51:52.885234 [warn ] [MainThread]: [[33mWARNING[0m]: Configuration paths exist in your dbt_project.yml file which do not apply to any resources.
There are 2 unused configuration paths:
- models.nyc_taxi.marts
- models.nyc_taxi.intermediate
[0m20:51:52.888480 [debug] [MainThread]: Sending event: {'category': 'dbt', 'action': 'load_project', 'label': '33b8cd45-1ad4-4251-b3a3-36917cdf1a55', 'context': [<snowplow_tracker.self_describing_json.SelfDescribingJson object at 0x00000253D50E9050>]}
[0m20:51:52.974594 [debug] [MainThread]: Wrote artifact WritableManifest to dbt\target\manifest.json
[0m20:51:52.977262 [debug] [MainThread]: Wrote artifact SemanticManifest to dbt\target\semantic_manifest.json
[0m20:51:52.991297 [debug] [MainThread]: Wrote artifact OsiDocument to dbt\target\osi_document.json
[0m20:51:53.001019 [debug] [MainThread]: Sending event: {'category': 'dbt', 'action': 'resource_counts', 'label': '33b8cd45-1ad4-4251-b3a3-36917cdf1a55', 'context': [<snowplow_tracker.self_describing_json.SelfDescribingJson object at 0x00000253D51558B0>]}
[0m20:51:53.001410 [info ] [MainThread]: Found 1 model, 6 sources, 477 macros
[0m20:51:53.001827 [debug] [MainThread]: Sending event: {'category': 'dbt', 'action': 'runnable_timing', 'label': '33b8cd45-1ad4-4251-b3a3-36917cdf1a55', 'context': [<snowplow_tracker.self_describing_json.SelfDescribingJson object at 0x00000253D51C0830>]}
[0m20:51:53.003077 [info ] [MainThread]: 
[0m20:51:53.003469 [info ] [MainThread]: Concurrency: 4 threads (target='dev')
[0m20:51:53.003746 [info ] [MainThread]: 
[0m20:51:53.004144 [debug] [MainThread]: Acquiring new postgres connection 'master'
[0m20:51:53.005022 [debug] [ThreadPool]: Acquiring new postgres connection 'list_postgres'
[0m20:51:53.043972 [debug] [ThreadPool]: Using postgres connection "list_postgres"
[0m20:51:53.044274 [debug] [ThreadPool]: On list_postgres: /* {"app": "dbt", "dbt_version": "1.12.0", "profile_name": "nyc_taxi", "target_name": "dev", "connection_name": "list_postgres"} */

    select distinct nspname from pg_namespace
  
[0m20:51:53.044471 [debug] [ThreadPool]: Opening a new connection, currently in state init
[0m20:51:55.431812 [debug] [ThreadPool]: Postgres adapter: Got a retryable error when attempting to open a postgres connection.
1 attempts remaining. Retrying in 0 seconds.
Error:
connection to server at "db.gjrilbelpdesjaqhsjlt.supabase.co" (2406:da18:1691:a200::76f4), port 5432 failed: Connection refused (0x0000274D/10061)
	Is the server running on that host and accepting TCP/IP connections?

[0m20:51:57.790711 [debug] [ThreadPool]: Postgres adapter: Error running SQL: /* {"app": "dbt", "dbt_version": "1.12.0", "profile_name": "nyc_taxi", "target_name": "dev", "connection_name": "list_postgres"} */

    select distinct nspname from pg_namespace
  
[0m20:51:57.792053 [debug] [ThreadPool]: Postgres adapter: Rolling back transaction.
[0m20:51:57.793682 [debug] [ThreadPool]: Postgres adapter: Error running SQL: macro list_schemas
[0m20:51:57.794509 [debug] [ThreadPool]: Postgres adapter: Rolling back transaction.
[0m20:51:57.795236 [debug] [ThreadPool]: On list_postgres: No close available on handle
[0m20:51:57.797197 [debug] [MainThread]: Connection 'master' was properly closed.
[0m20:51:57.797847 [debug] [MainThread]: Connection 'list_postgres' was properly closed.
[0m20:51:57.798344 [info ] [MainThread]: 
[0m20:51:57.799047 [info ] [MainThread]: Finished running  in 0 hours 0 minutes and 4.79 seconds (4.79s).
[0m20:51:57.800100 [error] [MainThread]: [[31mERROR[0m]: Encountered an error:
Database Error
  connection to server at "db.gjrilbelpdesjaqhsjlt.supabase.co" (2406:da18:1691:a200::76f4), port 5432 failed: Connection refused (0x0000274D/10061)
  	Is the server running on that host and accepting TCP/IP connections?
  
[0m20:51:57.801615 [debug] [MainThread]: Command `dbt run` failed at 20:51:57.801380 after 5.51 seconds
[0m20:51:57.802329 [debug] [MainThread]: Sending event: {'category': 'dbt', 'action': 'invocation', 'label': 'end', 'context': [<snowplow_tracker.self_describing_json.SelfDescribingJson object at 0x00000253D2C9D230>, <snowplow_tracker.self_describing_json.SelfDescribingJson object at 0x00000253D516E390>, <snowplow_tracker.self_describing_json.SelfDescribingJson object at 0x00000253D516E450>]}
[0m20:51:57.803314 [debug] [MainThread]: Flushing usage events
[0m20:51:58.926123 [debug] [MainThread]: An error was encountered while trying to flush usage events
[0m20:52:21.354132 [debug] [MainThread]: Sending event: {'category': 'dbt', 'action': 'invocation', 'label': 'start', 'context': [<snowplow_tracker.self_describing_json.SelfDescribingJson object at 0x000002D418B20590>, <snowplow_tracker.self_describing_json.SelfDescribingJson object at 0x000002D41608CB90>, <snowplow_tracker.self_describing_json.SelfDescribingJson object at 0x000002D41B0B3890>]}


============================== 20:52:21.358337 | 0a6f227a-0655-4b5a-b448-566aa8a276fc ==============================
[0m20:52:21.358337 [info ] [MainThread]: Running with dbt=1.12.0
[0m20:52:21.358898 [debug] [MainThread]: running dbt with arguments {'maximum_seed_size_mib': '1', 'no_print': 'None', 'version_check': 'True', 'target_path': 'None', 'static_parser': 'True', 'warn_error_options': 'WarnErrorOptionsV2(error=[], warn=[], silence=[])', 'printer_width': '80', 'write_json': 'True', 'introspect': 'True', 'log_cache_events': 'False', 'empty': 'False', 'cache_selected_only': 'False', 'fail_fast': 'False', 'debug': 'False', 'log_format': 'default', 'profiles_dir': 'dbt', 'send_anonymous_usage_stats': 'True', 'quiet': 'False', 'warn_error': 'None', 'partial_parse': 'True', 'use_colors': 'True', 'hints_enabled': 'True', 'invocation_command': 'dbt run --select stg_trip --project-dir dbt --profiles-dir dbt', 'use_experimental_parser': 'False', 'indirect_selection': 'eager', 'log_path': 'dbt\\logs'}
[0m20:52:21.487061 [debug] [MainThread]: Sending event: {'category': 'dbt', 'action': 'project_id', 'label': '0a6f227a-0655-4b5a-b448-566aa8a276fc', 'context': [<snowplow_tracker.self_describing_json.SelfDescribingJson object at 0x000002D41B032B10>]}
[0m20:52:21.535396 [debug] [MainThread]: Sending event: {'category': 'dbt', 'action': 'adapter_info', 'label': '0a6f227a-0655-4b5a-b448-566aa8a276fc', 'context': [<snowplow_tracker.self_describing_json.SelfDescribingJson object at 0x000002D415FEBF00>]}
[0m20:52:21.536281 [info ] [MainThread]: Registered adapter: postgres=1.11.0
[0m20:52:21.662085 [debug] [MainThread]: checksum: d266517bde050d9204aee05e09a0f60d0aff1ba26c776ccef1af446d5bccf069, vars: {}, profile: nyc_taxi, target: dev, version: 1.12.0
[0m20:52:21.752767 [debug] [MainThread]: Partial parsing enabled: 0 files deleted, 0 files added, 0 files changed.
[0m20:52:21.753100 [debug] [MainThread]: Nothing changed, skipping partial parsing.
[0m20:52:21.753305 [debug] [MainThread]: Partial parsing enabled, no changes found, skipping parsing
[0m20:52:21.757576 [warn ] [MainThread]: [[33mWARNING[0m]: Configuration paths exist in your dbt_project.yml file which do not apply to any resources.
There are 2 unused configuration paths:
- models.nyc_taxi.marts
- models.nyc_taxi.intermediate
[0m20:52:21.761232 [debug] [MainThread]: Sending event: {'category': 'dbt', 'action': 'load_project', 'label': '0a6f227a-0655-4b5a-b448-566aa8a276fc', 'context': [<snowplow_tracker.self_describing_json.SelfDescribingJson object at 0x000002D41B839050>]}
[0m20:52:21.844681 [debug] [MainThread]: Wrote artifact WritableManifest to dbt\target\manifest.json
[0m20:52:21.846970 [debug] [MainThread]: Wrote artifact SemanticManifest to dbt\target\semantic_manifest.json
[0m20:52:21.861017 [debug] [MainThread]: Wrote artifact OsiDocument to dbt\target\osi_document.json
[0m20:52:21.870414 [debug] [MainThread]: Sending event: {'category': 'dbt', 'action': 'resource_counts', 'label': '0a6f227a-0655-4b5a-b448-566aa8a276fc', 'context': [<snowplow_tracker.self_describing_json.SelfDescribingJson object at 0x000002D41B8A18B0>]}
[0m20:52:21.871065 [info ] [MainThread]: Found 1 model, 6 sources, 477 macros
[0m20:52:21.873086 [debug] [MainThread]: Sending event: {'category': 'dbt', 'action': 'runnable_timing', 'label': '0a6f227a-0655-4b5a-b448-566aa8a276fc', 'context': [<snowplow_tracker.self_describing_json.SelfDescribingJson object at 0x000002D41B90C830>]}
[0m20:52:21.877908 [info ] [MainThread]: 
[0m20:52:21.878896 [info ] [MainThread]: Concurrency: 4 threads (target='dev')
[0m20:52:21.879692 [info ] [MainThread]: 
[0m20:52:21.880741 [debug] [MainThread]: Acquiring new postgres connection 'master'
[0m20:52:21.882101 [debug] [ThreadPool]: Acquiring new postgres connection 'list_postgres'
[0m20:52:21.933076 [debug] [ThreadPool]: Using postgres connection "list_postgres"
[0m20:52:21.933394 [debug] [ThreadPool]: On list_postgres: /* {"app": "dbt", "dbt_version": "1.12.0", "profile_name": "nyc_taxi", "target_name": "dev", "connection_name": "list_postgres"} */

    select distinct nspname from pg_namespace
  
[0m20:52:21.933594 [debug] [ThreadPool]: Opening a new connection, currently in state init
[0m20:52:22.864833 [debug] [ThreadPool]: SQL status: SELECT 112 in 0.931 seconds
[0m20:52:22.867278 [debug] [ThreadPool]: On list_postgres: Close
[0m20:52:22.869631 [debug] [ThreadPool]: Re-using an available connection from the pool (formerly list_postgres, now create_postgres_public_staging)
[0m20:52:22.870829 [debug] [ThreadPool]: Creating schema "database: "postgres"
schema: "public_staging"
"
[0m20:52:22.878365 [debug] [ThreadPool]: Using postgres connection "create_postgres_public_staging"
[0m20:52:22.879114 [debug] [ThreadPool]: On create_postgres_public_staging: /* {"app": "dbt", "dbt_version": "1.12.0", "profile_name": "nyc_taxi", "target_name": "dev", "connection_name": "create_postgres_public_staging"} */
create schema if not exists "public_staging"
[0m20:52:22.879843 [debug] [ThreadPool]: Opening a new connection, currently in state closed
[0m20:52:23.517393 [debug] [ThreadPool]: SQL status: CREATE SCHEMA in 0.637 seconds
[0m20:52:23.519732 [debug] [ThreadPool]: On create_postgres_public_staging: COMMIT
[0m20:52:23.520783 [debug] [ThreadPool]: Using postgres connection "create_postgres_public_staging"
[0m20:52:23.522127 [debug] [ThreadPool]: On create_postgres_public_staging: COMMIT
[0m20:52:23.589165 [debug] [ThreadPool]: SQL status: COMMIT in 0.066 seconds
[0m20:52:23.589935 [debug] [ThreadPool]: On create_postgres_public_staging: Close
[0m20:52:23.592798 [debug] [ThreadPool]: Acquiring new postgres connection 'list_postgres_public_staging'
[0m20:52:23.602180 [debug] [ThreadPool]: Using postgres connection "list_postgres_public_staging"
[0m20:52:23.602898 [debug] [ThreadPool]: On list_postgres_public_staging: /* {"app": "dbt", "dbt_version": "1.12.0", "profile_name": "nyc_taxi", "target_name": "dev", "connection_name": "list_postgres_public_staging"} */
select
      'postgres' as database,
      tablename as name,
      schemaname as schema,
      'table' as type
    from pg_tables
    where schemaname ilike 'public_staging'
    union all
    select
      'postgres' as database,
      viewname as name,
      schemaname as schema,
      'view' as type
    from pg_views
    where schemaname ilike 'public_staging'
    union all
    select
      'postgres' as database,
      matviewname as name,
      schemaname as schema,
      'materialized_view' as type
    from pg_matviews
    where schemaname ilike 'public_staging'
    union all
    select distinct
     'postgres' as database,
     proname as name,
     ns.nspname as schema,
     'function' as type
    from pg_proc
     join pg_namespace as ns on pronamespace = ns.oid
    where ns.nspname ilike 'public_staging'
  
[0m20:52:23.603674 [debug] [ThreadPool]: Opening a new connection, currently in state init
[0m20:52:24.177131 [debug] [ThreadPool]: SQL status: SELECT 0 in 0.573 seconds
[0m20:52:24.178943 [debug] [ThreadPool]: On list_postgres_public_staging: ROLLBACK
[0m20:52:24.239462 [debug] [ThreadPool]: On list_postgres_public_staging: Close
[0m20:52:24.245701 [debug] [MainThread]: Using postgres connection "master"
[0m20:52:24.246715 [debug] [MainThread]: On master: /* {"app": "dbt", "dbt_version": "1.12.0", "profile_name": "nyc_taxi", "target_name": "dev", "connection_name": "master"} */
select distinct
        dependent_namespace.nspname as dependent_schema,
        dependent_class.relname as dependent_name,
        referenced_namespace.nspname as referenced_schema,
        referenced_class.relname as referenced_name

    -- Query for views: views are entries in pg_class with an entry in pg_rewrite, but we avoid
    -- a seq scan on pg_rewrite by leveraging the fact there is an "internal" row in pg_depend for
    -- the view...
    from pg_class as dependent_class
    join pg_namespace as dependent_namespace on dependent_namespace.oid = dependent_class.relnamespace
    join pg_depend as dependent_depend on dependent_depend.refobjid = dependent_class.oid
        and dependent_depend.classid = 'pg_rewrite'::regclass
        and dependent_depend.refclassid = 'pg_class'::regclass
        and dependent_depend.deptype = 'i'

    -- ... and via pg_depend (that has a row per column, hence the need for "distinct" above, and
    -- making sure to exclude the internal row to avoid a view appearing to depend on itself)...
    join pg_depend as joining_depend on joining_depend.objid = dependent_depend.objid
        and joining_depend.classid = 'pg_rewrite'::regclass
        and joining_depend.refclassid = 'pg_class'::regclass
        and joining_depend.refobjid != dependent_depend.refobjid

    -- ... we can find the tables they query from in pg_class, but excluding system tables. Note we
    -- don't need need to exclude _dependent_ system tables, because they only query from other
    -- system tables, and so are automatically excluded by excluding _referenced_ system tables
    join pg_class as referenced_class on referenced_class.oid = joining_depend.refobjid
    join pg_namespace as referenced_namespace on referenced_namespace.oid = referenced_class.relnamespace
        and referenced_namespace.nspname != 'information_schema'
        and referenced_namespace.nspname not like 'pg\_%'

    order by
        dependent_schema, dependent_name, referenced_schema, referenced_name;
[0m20:52:24.247585 [debug] [MainThread]: Opening a new connection, currently in state init
[0m20:52:24.728177 [debug] [MainThread]: SQL status: SELECT 1 in 0.480 seconds
[0m20:52:24.730818 [debug] [MainThread]: Sending event: {'category': 'dbt', 'action': 'runnable_timing', 'label': '0a6f227a-0655-4b5a-b448-566aa8a276fc', 'context': [<snowplow_tracker.self_describing_json.SelfDescribingJson object at 0x000002D41BC09160>]}
[0m20:52:24.731881 [debug] [MainThread]: On master: ROLLBACK
[0m20:52:24.782144 [debug] [MainThread]: On master: COMMIT
[0m20:52:24.782700 [debug] [MainThread]: Using postgres connection "master"
[0m20:52:24.783106 [debug] [MainThread]: On master: COMMIT
[0m20:52:24.882183 [debug] [MainThread]: SQL status: COMMIT in 0.098 seconds
[0m20:52:24.884138 [debug] [MainThread]: On master: Close
[0m20:52:24.909230 [debug] [Thread-1 (]: Began running node model.nyc_taxi.stg_trip
[0m20:52:24.910662 [info ] [Thread-1 (]: 1 of 1 START sql view model public_staging.stg_trip ............................ [RUN]
[0m20:52:24.913125 [debug] [Thread-1 (]: Acquiring new postgres connection 'model.nyc_taxi.stg_trip'
[0m20:52:24.913723 [debug] [Thread-1 (]: Began compiling node model.nyc_taxi.stg_trip
[0m20:52:24.929691 [debug] [Thread-1 (]: Writing injected SQL for node "model.nyc_taxi.stg_trip"
[0m20:52:24.934944 [debug] [Thread-1 (]: Began executing node model.nyc_taxi.stg_trip
[0m20:52:25.015242 [debug] [Thread-1 (]: Writing runtime sql for node "model.nyc_taxi.stg_trip"
[0m20:52:25.019015 [debug] [Thread-1 (]: Using postgres connection "model.nyc_taxi.stg_trip"
[0m20:52:25.019899 [debug] [Thread-1 (]: On model.nyc_taxi.stg_trip: /* {"app": "dbt", "dbt_version": "1.12.0", "profile_name": "nyc_taxi", "target_name": "dev", "node_id": "model.nyc_taxi.stg_trip"} */

  create view "postgres"."public_staging"."stg_trip__dbt_tmp"
    
    
  as (
    with source as (
    select * from "postgres"."public"."fact_trip"
)

select
    trip_id,
    vendor_key,
    pickup_time_key,
    dropoff_time_key,
    pickup_location_key,
    dropoff_location_key,
    payment_key,
    rate_key,
    passenger_count,
    trip_distance,
    trip_duration_min,
    fare_amount,
    tip_amount,
    tip_ratio,
    total_amount,
    pickup_date
from source
where trip_duration_min > 0
  and trip_distance > 0
  and total_amount > 0
  );
[0m20:52:25.020978 [debug] [Thread-1 (]: Opening a new connection, currently in state init
[0m20:52:25.630251 [debug] [Thread-1 (]: Postgres adapter: Postgres error: column "pickup_date" does not exist
LINE 27:     pickup_date
             ^

[0m20:52:25.631163 [debug] [Thread-1 (]: On model.nyc_taxi.stg_trip: ROLLBACK
[0m20:52:25.698421 [debug] [Thread-1 (]: On model.nyc_taxi.stg_trip: Close
[0m20:52:25.720191 [debug] [Thread-1 (]: Database Error in model stg_trip (models\staging\stg_trip.sql)
  column "pickup_date" does not exist
  LINE 27:     pickup_date
               ^
  compiled code at target\run\nyc_taxi\models\staging\stg_trip.sql
[0m20:52:25.723532 [debug] [Thread-1 (]: Sending event: {'category': 'dbt', 'action': 'run_model', 'label': '0a6f227a-0655-4b5a-b448-566aa8a276fc', 'context': [<snowplow_tracker.self_describing_json.SelfDescribingJson object at 0x000002D41B8BB050>]}
[0m20:52:25.724468 [error] [Thread-1 (]: 1 of 1 ERROR creating sql view model public_staging.stg_trip ................... [[31mERROR[0m in 0.81s]
[0m20:52:25.726639 [debug] [Thread-1 (]: Finished running node model.nyc_taxi.stg_trip
[0m20:52:25.727983 [debug] [Thread-7 (]: Marking all children of 'model.nyc_taxi.stg_trip' to be skipped because of status 'error'.  Reason: Database Error in model stg_trip (models\staging\stg_trip.sql)
  column "pickup_date" does not exist
  LINE 27:     pickup_date
               ^
  compiled code at target\run\nyc_taxi\models\staging\stg_trip.sql.
[0m20:52:25.731612 [debug] [MainThread]: On master: COMMIT
[0m20:52:25.732434 [debug] [MainThread]: Using postgres connection "master"
[0m20:52:25.733166 [debug] [MainThread]: On master: COMMIT
[0m20:52:25.733817 [debug] [MainThread]: Opening a new connection, currently in state closed
[0m20:52:26.334593 [debug] [MainThread]: SQL status: COMMIT in 0.601 seconds
[0m20:52:26.335054 [debug] [MainThread]: On master: Close
[0m20:52:26.335775 [debug] [MainThread]: Connection 'master' was properly closed.
[0m20:52:26.336075 [debug] [MainThread]: Connection 'create_postgres_public_staging' was properly closed.
[0m20:52:26.336493 [debug] [MainThread]: Connection 'list_postgres_public_staging' was properly closed.
[0m20:52:26.336747 [debug] [MainThread]: Connection 'model.nyc_taxi.stg_trip' was properly closed.
[0m20:52:26.337009 [info ] [MainThread]: 
[0m20:52:26.338646 [info ] [MainThread]: Finished running 1 view model in 0 hours 0 minutes and 4.46 seconds (4.46s).
[0m20:52:26.340868 [debug] [MainThread]: Command end result
[0m20:52:26.421441 [debug] [MainThread]: Wrote artifact WritableManifest to dbt\target\manifest.json
[0m20:52:26.428026 [debug] [MainThread]: Wrote artifact SemanticManifest to dbt\target\semantic_manifest.json
[0m20:52:26.434700 [debug] [MainThread]: Wrote artifact OsiDocument to dbt\target\osi_document.json
[0m20:52:26.450854 [debug] [MainThread]: Wrote artifact RunExecutionResult to dbt\target\run_results.json
[0m20:52:26.451340 [info ] [MainThread]: 
[0m20:52:26.452075 [info ] [MainThread]: [31mCompleted with 1 error, 0 partial successes, and 0 warnings:[0m
[0m20:52:26.452885 [info ] [MainThread]: 
[0m20:52:26.453560 [error] [MainThread]: [[31mERROR[0m]: in model stg_trip (models\staging\stg_trip.sql)
[0m20:52:26.454203 [error] [MainThread]:   Database Error in model stg_trip (models\staging\stg_trip.sql)
  column "pickup_date" does not exist
  LINE 27:     pickup_date
               ^
  compiled code at target\run\nyc_taxi\models\staging\stg_trip.sql
[0m20:52:26.455506 [info ] [MainThread]: 
[0m20:52:26.457106 [info ] [MainThread]:   compiled code at target\compiled\nyc_taxi\models\staging\stg_trip.sql
[0m20:52:26.458776 [info ] [MainThread]: 
[0m20:52:26.460514 [info ] [MainThread]: Done. PASS=0 WARN=0 ERROR=1 SKIP=0 NO-OP=0 REUSED=0 TOTAL=1
[0m20:52:26.463765 [debug] [MainThread]: Command `dbt run` failed at 20:52:26.463331 after 5.31 seconds
[0m20:52:26.465069 [debug] [MainThread]: Sending event: {'category': 'dbt', 'action': 'invocation', 'label': 'end', 'context': [<snowplow_tracker.self_describing_json.SelfDescribingJson object at 0x000002D41B919D30>, <snowplow_tracker.self_describing_json.SelfDescribingJson object at 0x000002D4132DD270>, <snowplow_tracker.self_describing_json.SelfDescribingJson object at 0x000002D41B6E7F70>]}
[0m20:52:26.466857 [debug] [MainThread]: Flushing usage events
[0m20:52:27.514993 [debug] [MainThread]: An error was encountered while trying to flush usage events
[0m20:53:39.688616 [debug] [MainThread]: Sending event: {'category': 'dbt', 'action': 'invocation', 'label': 'start', 'context': [<snowplow_tracker.self_describing_json.SelfDescribingJson object at 0x0000028EC9320590>, <snowplow_tracker.self_describing_json.SelfDescribingJson object at 0x0000028EC689CB90>, <snowplow_tracker.self_describing_json.SelfDescribingJson object at 0x0000028ECB8B3890>]}


============================== 20:53:39.692079 | 36af012a-1bc1-4606-84b9-989d0638c7b3 ==============================
[0m20:53:39.692079 [info ] [MainThread]: Running with dbt=1.12.0
[0m20:53:39.692856 [debug] [MainThread]: running dbt with arguments {'static_parser': 'True', 'no_print': 'None', 'maximum_seed_size_mib': '1', 'target_path': 'None', 'warn_error_options': 'WarnErrorOptionsV2(error=[], warn=[], silence=[])', 'version_check': 'True', 'printer_width': '80', 'write_json': 'True', 'introspect': 'True', 'log_cache_events': 'False', 'empty': 'False', 'cache_selected_only': 'False', 'log_format': 'default', 'debug': 'False', 'fail_fast': 'False', 'profiles_dir': 'dbt', 'send_anonymous_usage_stats': 'True', 'quiet': 'False', 'warn_error': 'None', 'partial_parse': 'True', 'use_colors': 'True', 'hints_enabled': 'True', 'invocation_command': 'dbt run --select stg_trip --project-dir dbt --profiles-dir dbt', 'use_experimental_parser': 'False', 'indirect_selection': 'eager', 'log_path': 'dbt\\logs'}
[0m20:53:39.841106 [debug] [MainThread]: Sending event: {'category': 'dbt', 'action': 'project_id', 'label': '36af012a-1bc1-4606-84b9-989d0638c7b3', 'context': [<snowplow_tracker.self_describing_json.SelfDescribingJson object at 0x0000028ECB832B10>]}
[0m20:53:39.903008 [debug] [MainThread]: Sending event: {'category': 'dbt', 'action': 'adapter_info', 'label': '36af012a-1bc1-4606-84b9-989d0638c7b3', 'context': [<snowplow_tracker.self_describing_json.SelfDescribingJson object at 0x0000028EC680BF00>]}
[0m20:53:39.903978 [info ] [MainThread]: Registered adapter: postgres=1.11.0
[0m20:53:40.034484 [debug] [MainThread]: checksum: d266517bde050d9204aee05e09a0f60d0aff1ba26c776ccef1af446d5bccf069, vars: {}, profile: nyc_taxi, target: dev, version: 1.12.0
[0m20:53:40.171144 [debug] [MainThread]: Partial parsing enabled: 0 files deleted, 0 files added, 1 files changed.
[0m20:53:40.171621 [debug] [MainThread]: Partial parsing: updated file: nyc_taxi://models\staging\stg_trip.sql
[0m20:53:40.394050 [warn ] [MainThread]: [[33mWARNING[0m]: Configuration paths exist in your dbt_project.yml file which do not apply to any resources.
There are 2 unused configuration paths:
- models.nyc_taxi.intermediate
- models.nyc_taxi.marts
[0m20:53:40.397125 [debug] [MainThread]: Sending event: {'category': 'dbt', 'action': 'load_project', 'label': '36af012a-1bc1-4606-84b9-989d0638c7b3', 'context': [<snowplow_tracker.self_describing_json.SelfDescribingJson object at 0x0000028ECBA2AB50>]}
[0m20:53:40.467890 [debug] [MainThread]: Wrote artifact WritableManifest to dbt\target\manifest.json
[0m20:53:40.471638 [debug] [MainThread]: Wrote artifact SemanticManifest to dbt\target\semantic_manifest.json
[0m20:53:40.486326 [debug] [MainThread]: Wrote artifact OsiDocument to dbt\target\osi_document.json
[0m20:53:40.497330 [debug] [MainThread]: Sending event: {'category': 'dbt', 'action': 'resource_counts', 'label': '36af012a-1bc1-4606-84b9-989d0638c7b3', 'context': [<snowplow_tracker.self_describing_json.SelfDescribingJson object at 0x0000028ECC173F20>]}
[0m20:53:40.497739 [info ] [MainThread]: Found 1 model, 6 sources, 477 macros
[0m20:53:40.498127 [debug] [MainThread]: Sending event: {'category': 'dbt', 'action': 'runnable_timing', 'label': '36af012a-1bc1-4606-84b9-989d0638c7b3', 'context': [<snowplow_tracker.self_describing_json.SelfDescribingJson object at 0x0000028ECC19E190>]}
[0m20:53:40.499414 [info ] [MainThread]: 
[0m20:53:40.499843 [info ] [MainThread]: Concurrency: 4 threads (target='dev')
[0m20:53:40.500200 [info ] [MainThread]: 
[0m20:53:40.500726 [debug] [MainThread]: Acquiring new postgres connection 'master'
[0m20:53:40.501726 [debug] [ThreadPool]: Acquiring new postgres connection 'list_postgres'
[0m20:53:40.542650 [debug] [ThreadPool]: Using postgres connection "list_postgres"
[0m20:53:40.542983 [debug] [ThreadPool]: On list_postgres: /* {"app": "dbt", "dbt_version": "1.12.0", "profile_name": "nyc_taxi", "target_name": "dev", "connection_name": "list_postgres"} */

    select distinct nspname from pg_namespace
  
[0m20:53:40.543189 [debug] [ThreadPool]: Opening a new connection, currently in state init
[0m20:53:41.039133 [debug] [ThreadPool]: SQL status: SELECT 113 in 0.496 seconds
[0m20:53:41.040290 [debug] [ThreadPool]: On list_postgres: Close
[0m20:53:41.041841 [debug] [ThreadPool]: Acquiring new postgres connection 'list_postgres_public_staging'
[0m20:53:41.047141 [debug] [ThreadPool]: Using postgres connection "list_postgres_public_staging"
[0m20:53:41.047494 [debug] [ThreadPool]: On list_postgres_public_staging: /* {"app": "dbt", "dbt_version": "1.12.0", "profile_name": "nyc_taxi", "target_name": "dev", "connection_name": "list_postgres_public_staging"} */
select
      'postgres' as database,
      tablename as name,
      schemaname as schema,
      'table' as type
    from pg_tables
    where schemaname ilike 'public_staging'
    union all
    select
      'postgres' as database,
      viewname as name,
      schemaname as schema,
      'view' as type
    from pg_views
    where schemaname ilike 'public_staging'
    union all
    select
      'postgres' as database,
      matviewname as name,
      schemaname as schema,
      'materialized_view' as type
    from pg_matviews
    where schemaname ilike 'public_staging'
    union all
    select distinct
     'postgres' as database,
     proname as name,
     ns.nspname as schema,
     'function' as type
    from pg_proc
     join pg_namespace as ns on pronamespace = ns.oid
    where ns.nspname ilike 'public_staging'
  
[0m20:53:41.047723 [debug] [ThreadPool]: Opening a new connection, currently in state init
[0m20:53:41.742783 [debug] [ThreadPool]: SQL status: SELECT 0 in 0.695 seconds
[0m20:53:41.745146 [debug] [ThreadPool]: On list_postgres_public_staging: ROLLBACK
[0m20:53:41.819737 [debug] [ThreadPool]: On list_postgres_public_staging: Close
[0m20:53:41.825379 [debug] [MainThread]: Using postgres connection "master"
[0m20:53:41.825960 [debug] [MainThread]: On master: /* {"app": "dbt", "dbt_version": "1.12.0", "profile_name": "nyc_taxi", "target_name": "dev", "connection_name": "master"} */
select distinct
        dependent_namespace.nspname as dependent_schema,
        dependent_class.relname as dependent_name,
        referenced_namespace.nspname as referenced_schema,
        referenced_class.relname as referenced_name

    -- Query for views: views are entries in pg_class with an entry in pg_rewrite, but we avoid
    -- a seq scan on pg_rewrite by leveraging the fact there is an "internal" row in pg_depend for
    -- the view...
    from pg_class as dependent_class
    join pg_namespace as dependent_namespace on dependent_namespace.oid = dependent_class.relnamespace
    join pg_depend as dependent_depend on dependent_depend.refobjid = dependent_class.oid
        and dependent_depend.classid = 'pg_rewrite'::regclass
        and dependent_depend.refclassid = 'pg_class'::regclass
        and dependent_depend.deptype = 'i'

    -- ... and via pg_depend (that has a row per column, hence the need for "distinct" above, and
    -- making sure to exclude the internal row to avoid a view appearing to depend on itself)...
    join pg_depend as joining_depend on joining_depend.objid = dependent_depend.objid
        and joining_depend.classid = 'pg_rewrite'::regclass
        and joining_depend.refclassid = 'pg_class'::regclass
        and joining_depend.refobjid != dependent_depend.refobjid

    -- ... we can find the tables they query from in pg_class, but excluding system tables. Note we
    -- don't need need to exclude _dependent_ system tables, because they only query from other
    -- system tables, and so are automatically excluded by excluding _referenced_ system tables
    join pg_class as referenced_class on referenced_class.oid = joining_depend.refobjid
    join pg_namespace as referenced_namespace on referenced_namespace.oid = referenced_class.relnamespace
        and referenced_namespace.nspname != 'information_schema'
        and referenced_namespace.nspname not like 'pg\_%'

    order by
        dependent_schema, dependent_name, referenced_schema, referenced_name;
[0m20:53:41.826450 [debug] [MainThread]: Opening a new connection, currently in state init
[0m20:53:42.506678 [debug] [MainThread]: SQL status: SELECT 1 in 0.680 seconds
[0m20:53:42.508404 [debug] [MainThread]: Sending event: {'category': 'dbt', 'action': 'runnable_timing', 'label': '36af012a-1bc1-4606-84b9-989d0638c7b3', 'context': [<snowplow_tracker.self_describing_json.SelfDescribingJson object at 0x0000028ECC4D0A10>]}
[0m20:53:42.509098 [debug] [MainThread]: On master: ROLLBACK
[0m20:53:42.570909 [debug] [MainThread]: On master: COMMIT
[0m20:53:42.571598 [debug] [MainThread]: Using postgres connection "master"
[0m20:53:42.572055 [debug] [MainThread]: On master: COMMIT
[0m20:53:42.697373 [debug] [MainThread]: SQL status: COMMIT in 0.125 seconds
[0m20:53:42.697742 [debug] [MainThread]: On master: Close
[0m20:53:42.700976 [debug] [Thread-1 (]: Began running node model.nyc_taxi.stg_trip
[0m20:53:42.701443 [info ] [Thread-1 (]: 1 of 1 START sql view model public_staging.stg_trip ............................ [RUN]
[0m20:53:42.701918 [debug] [Thread-1 (]: Acquiring new postgres connection 'model.nyc_taxi.stg_trip'
[0m20:53:42.702166 [debug] [Thread-1 (]: Began compiling node model.nyc_taxi.stg_trip
[0m20:53:42.707413 [debug] [Thread-1 (]: Writing injected SQL for node "model.nyc_taxi.stg_trip"
[0m20:53:42.708536 [debug] [Thread-1 (]: Began executing node model.nyc_taxi.stg_trip
[0m20:53:42.738172 [debug] [Thread-1 (]: Writing runtime sql for node "model.nyc_taxi.stg_trip"
[0m20:53:42.739003 [debug] [Thread-1 (]: Using postgres connection "model.nyc_taxi.stg_trip"
[0m20:53:42.739312 [debug] [Thread-1 (]: On model.nyc_taxi.stg_trip: /* {"app": "dbt", "dbt_version": "1.12.0", "profile_name": "nyc_taxi", "target_name": "dev", "node_id": "model.nyc_taxi.stg_trip"} */

  create view "postgres"."public_staging"."stg_trip__dbt_tmp"
    
    
  as (
    with source as (
    select * from "postgres"."public"."fact_trip"
)

select
    trip_id,
    vendor_key,
    pickup_time_key,
    dropoff_time_key,
    pickup_location_key,
    dropoff_location_key,
    payment_key,
    rate_key,
    passenger_count,
    trip_distance,
    trip_duration_min,
    fare_amount,
    tip_amount,
    tip_ratio,
    total_amount
from source
where trip_duration_min > 0
  and trip_distance > 0
  and total_amount > 0
  );
[0m20:53:42.739555 [debug] [Thread-1 (]: Opening a new connection, currently in state init
[0m20:53:43.344209 [debug] [Thread-1 (]: SQL status: CREATE VIEW in 0.604 seconds
[0m20:53:43.353744 [debug] [Thread-1 (]: Using postgres connection "model.nyc_taxi.stg_trip"
[0m20:53:43.354260 [debug] [Thread-1 (]: On model.nyc_taxi.stg_trip: /* {"app": "dbt", "dbt_version": "1.12.0", "profile_name": "nyc_taxi", "target_name": "dev", "node_id": "model.nyc_taxi.stg_trip"} */
alter table "postgres"."public_staging"."stg_trip__dbt_tmp" rename to "stg_trip"
[0m20:53:43.416212 [debug] [Thread-1 (]: SQL status: ALTER TABLE in 0.061 seconds
[0m20:53:43.445329 [debug] [Thread-1 (]: On model.nyc_taxi.stg_trip: COMMIT
[0m20:53:43.445845 [debug] [Thread-1 (]: Using postgres connection "model.nyc_taxi.stg_trip"
[0m20:53:43.446200 [debug] [Thread-1 (]: On model.nyc_taxi.stg_trip: COMMIT
[0m20:53:43.512077 [debug] [Thread-1 (]: SQL status: COMMIT in 0.065 seconds
[0m20:53:43.517487 [debug] [Thread-1 (]: Applying DROP to: "postgres"."public_staging"."stg_trip__dbt_backup"
[0m20:53:43.522236 [debug] [Thread-1 (]: Using postgres connection "model.nyc_taxi.stg_trip"
[0m20:53:43.522640 [debug] [Thread-1 (]: On model.nyc_taxi.stg_trip: /* {"app": "dbt", "dbt_version": "1.12.0", "profile_name": "nyc_taxi", "target_name": "dev", "node_id": "model.nyc_taxi.stg_trip"} */
drop view if exists "postgres"."public_staging"."stg_trip__dbt_backup" cascade
[0m20:53:43.586015 [debug] [Thread-1 (]: SQL status: DROP VIEW in 0.063 seconds
[0m20:53:43.590734 [debug] [Thread-1 (]: On model.nyc_taxi.stg_trip: Close
[0m20:53:43.592825 [debug] [Thread-1 (]: Sending event: {'category': 'dbt', 'action': 'run_model', 'label': '36af012a-1bc1-4606-84b9-989d0638c7b3', 'context': [<snowplow_tracker.self_describing_json.SelfDescribingJson object at 0x0000028ECC177890>]}
[0m20:53:43.593546 [info ] [Thread-1 (]: 1 of 1 OK created sql view model public_staging.stg_trip ....................... [[32mCREATE VIEW[0m in 0.89s]
[0m20:53:43.595448 [debug] [Thread-1 (]: Finished running node model.nyc_taxi.stg_trip
[0m20:53:43.598481 [debug] [MainThread]: On master: COMMIT
[0m20:53:43.599537 [debug] [MainThread]: Using postgres connection "master"
[0m20:53:43.600225 [debug] [MainThread]: On master: COMMIT
[0m20:53:43.601006 [debug] [MainThread]: Opening a new connection, currently in state closed
[0m20:53:44.200442 [debug] [MainThread]: SQL status: COMMIT in 0.599 seconds
[0m20:53:44.201408 [debug] [MainThread]: On master: Close
[0m20:53:44.203357 [debug] [MainThread]: Connection 'master' was properly closed.
[0m20:53:44.204119 [debug] [MainThread]: Connection 'list_postgres' was properly closed.
[0m20:53:44.204991 [debug] [MainThread]: Connection 'list_postgres_public_staging' was properly closed.
[0m20:53:44.206060 [debug] [MainThread]: Connection 'model.nyc_taxi.stg_trip' was properly closed.
[0m20:53:44.206979 [info ] [MainThread]: 
[0m20:53:44.208051 [info ] [MainThread]: Finished running 1 view model in 0 hours 0 minutes and 3.71 seconds (3.71s).
[0m20:53:44.209566 [debug] [MainThread]: Command end result
[0m20:53:44.234121 [debug] [MainThread]: Wrote artifact WritableManifest to dbt\target\manifest.json
[0m20:53:44.236828 [debug] [MainThread]: Wrote artifact SemanticManifest to dbt\target\semantic_manifest.json
[0m20:53:44.240128 [debug] [MainThread]: Wrote artifact OsiDocument to dbt\target\osi_document.json
[0m20:53:44.246137 [debug] [MainThread]: Wrote artifact RunExecutionResult to dbt\target\run_results.json
[0m20:53:44.246598 [info ] [MainThread]: 
[0m20:53:44.247732 [info ] [MainThread]: [32mCompleted successfully[0m
[0m20:53:44.249068 [info ] [MainThread]: 
[0m20:53:44.249772 [info ] [MainThread]: Done. PASS=1 WARN=0 ERROR=0 SKIP=0 NO-OP=0 REUSED=0 TOTAL=1
[0m20:53:44.250815 [debug] [MainThread]: Command `dbt run` succeeded at 20:53:44.250671 after 4.77 seconds
[0m20:53:44.251146 [debug] [MainThread]: Sending event: {'category': 'dbt', 'action': 'invocation', 'label': 'end', 'context': [<snowplow_tracker.self_describing_json.SelfDescribingJson object at 0x0000028ECC55E0A0>, <snowplow_tracker.self_describing_json.SelfDescribingJson object at 0x0000028EC3ADD270>, <snowplow_tracker.self_describing_json.SelfDescribingJson object at 0x0000028ECC46E170>]}
[0m20:53:44.251443 [debug] [MainThread]: Flushing usage events
[0m20:53:45.487056 [debug] [MainThread]: An error was encountered while trying to flush usage events
[0m21:07:07.080497 [debug] [MainThread]: Sending event: {'category': 'dbt', 'action': 'invocation', 'label': 'start', 'context': [<snowplow_tracker.self_describing_json.SelfDescribingJson object at 0x000002C713FE0590>, <snowplow_tracker.self_describing_json.SelfDescribingJson object at 0x000002C711558B90>, <snowplow_tracker.self_describing_json.SelfDescribingJson object at 0x000002C716573890>]}


============================== 21:07:07.086105 | f63e75ca-4b1c-488b-ab4f-c508e40a607b ==============================
[0m21:07:07.086105 [info ] [MainThread]: Running with dbt=1.12.0
[0m21:07:07.087247 [debug] [MainThread]: running dbt with arguments {'version_check': 'True', 'no_print': 'None', 'static_parser': 'True', 'target_path': 'None', 'warn_error_options': 'WarnErrorOptionsV2(error=[], warn=[], silence=[])', 'maximum_seed_size_mib': '1', 'printer_width': '80', 'write_json': 'True', 'empty': 'False', 'log_cache_events': 'False', 'introspect': 'True', 'cache_selected_only': 'False', 'fail_fast': 'False', 'debug': 'False', 'log_format': 'default', 'profiles_dir': 'dbt', 'send_anonymous_usage_stats': 'True', 'quiet': 'False', 'warn_error': 'None', 'partial_parse': 'True', 'indirect_selection': 'eager', 'hints_enabled': 'True', 'invocation_command': 'dbt run --select staging --project-dir dbt --profiles-dir dbt', 'use_experimental_parser': 'False', 'use_colors': 'True', 'log_path': 'dbt\\logs'}
[0m21:07:07.250064 [debug] [MainThread]: Sending event: {'category': 'dbt', 'action': 'project_id', 'label': 'f63e75ca-4b1c-488b-ab4f-c508e40a607b', 'context': [<snowplow_tracker.self_describing_json.SelfDescribingJson object at 0x000002C7164F2B10>]}
[0m21:07:07.311326 [debug] [MainThread]: Sending event: {'category': 'dbt', 'action': 'adapter_info', 'label': 'f63e75ca-4b1c-488b-ab4f-c508e40a607b', 'context': [<snowplow_tracker.self_describing_json.SelfDescribingJson object at 0x000002C7114BBF00>]}
[0m21:07:07.312231 [info ] [MainThread]: Registered adapter: postgres=1.11.0
[0m21:07:07.444532 [debug] [MainThread]: checksum: d266517bde050d9204aee05e09a0f60d0aff1ba26c776ccef1af446d5bccf069, vars: {}, profile: nyc_taxi, target: dev, version: 1.12.0
[0m21:07:07.545692 [debug] [MainThread]: Partial parsing enabled: 0 files deleted, 5 files added, 0 files changed.
[0m21:07:07.546125 [debug] [MainThread]: Partial parsing: added file: nyc_taxi://models\staging\stg_time.sql
[0m21:07:07.546375 [debug] [MainThread]: Partial parsing: added file: nyc_taxi://models\staging\stg_rate.sql
[0m21:07:07.546596 [debug] [MainThread]: Partial parsing: added file: nyc_taxi://models\staging\stg_location.sql
[0m21:07:07.546783 [debug] [MainThread]: Partial parsing: added file: nyc_taxi://models\staging\stg_payment.sql
[0m21:07:07.546962 [debug] [MainThread]: Partial parsing: added file: nyc_taxi://models\staging\stg_vendor.sql
[0m21:07:07.789043 [warn ] [MainThread]: [[33mWARNING[0m]: Configuration paths exist in your dbt_project.yml file which do not apply to any resources.
There are 2 unused configuration paths:
- models.nyc_taxi.marts
- models.nyc_taxi.intermediate
[0m21:07:07.792378 [debug] [MainThread]: Sending event: {'category': 'dbt', 'action': 'load_project', 'label': 'f63e75ca-4b1c-488b-ab4f-c508e40a607b', 'context': [<snowplow_tracker.self_describing_json.SelfDescribingJson object at 0x000002C71678B150>]}
[0m21:07:07.902126 [debug] [MainThread]: Wrote artifact WritableManifest to dbt\target\manifest.json
[0m21:07:07.904523 [debug] [MainThread]: Wrote artifact SemanticManifest to dbt\target\semantic_manifest.json
[0m21:07:07.917777 [debug] [MainThread]: Wrote artifact OsiDocument to dbt\target\osi_document.json
[0m21:07:07.926182 [debug] [MainThread]: Sending event: {'category': 'dbt', 'action': 'resource_counts', 'label': 'f63e75ca-4b1c-488b-ab4f-c508e40a607b', 'context': [<snowplow_tracker.self_describing_json.SelfDescribingJson object at 0x000002C716ECCC80>]}
[0m21:07:07.926587 [info ] [MainThread]: Found 6 models, 6 sources, 477 macros
[0m21:07:07.927042 [debug] [MainThread]: Sending event: {'category': 'dbt', 'action': 'runnable_timing', 'label': 'f63e75ca-4b1c-488b-ab4f-c508e40a607b', 'context': [<snowplow_tracker.self_describing_json.SelfDescribingJson object at 0x000002C716EC6CF0>]}
[0m21:07:07.928566 [info ] [MainThread]: 
[0m21:07:07.929047 [info ] [MainThread]: Concurrency: 4 threads (target='dev')
[0m21:07:07.929337 [info ] [MainThread]: 
[0m21:07:07.929732 [debug] [MainThread]: Acquiring new postgres connection 'master'
[0m21:07:07.932956 [debug] [ThreadPool]: Acquiring new postgres connection 'list_postgres'
[0m21:07:07.970202 [debug] [ThreadPool]: Using postgres connection "list_postgres"
[0m21:07:07.970581 [debug] [ThreadPool]: On list_postgres: /* {"app": "dbt", "dbt_version": "1.12.0", "profile_name": "nyc_taxi", "target_name": "dev", "connection_name": "list_postgres"} */

    select distinct nspname from pg_namespace
  
[0m21:07:07.970789 [debug] [ThreadPool]: Opening a new connection, currently in state init
[0m21:07:08.758636 [debug] [ThreadPool]: SQL status: SELECT 115 in 0.788 seconds
[0m21:07:08.761396 [debug] [ThreadPool]: On list_postgres: Close
[0m21:07:08.764498 [debug] [ThreadPool]: Acquiring new postgres connection 'list_postgres_public_staging'
[0m21:07:08.772983 [debug] [ThreadPool]: Using postgres connection "list_postgres_public_staging"
[0m21:07:08.774066 [debug] [ThreadPool]: On list_postgres_public_staging: /* {"app": "dbt", "dbt_version": "1.12.0", "profile_name": "nyc_taxi", "target_name": "dev", "connection_name": "list_postgres_public_staging"} */
select
      'postgres' as database,
      tablename as name,
      schemaname as schema,
      'table' as type
    from pg_tables
    where schemaname ilike 'public_staging'
    union all
    select
      'postgres' as database,
      viewname as name,
      schemaname as schema,
      'view' as type
    from pg_views
    where schemaname ilike 'public_staging'
    union all
    select
      'postgres' as database,
      matviewname as name,
      schemaname as schema,
      'materialized_view' as type
    from pg_matviews
    where schemaname ilike 'public_staging'
    union all
    select distinct
     'postgres' as database,
     proname as name,
     ns.nspname as schema,
     'function' as type
    from pg_proc
     join pg_namespace as ns on pronamespace = ns.oid
    where ns.nspname ilike 'public_staging'
  
[0m21:07:08.775192 [debug] [ThreadPool]: Opening a new connection, currently in state init
[0m21:07:09.374183 [debug] [ThreadPool]: SQL status: SELECT 1 in 0.599 seconds
[0m21:07:09.376476 [debug] [ThreadPool]: On list_postgres_public_staging: ROLLBACK
[0m21:07:09.439824 [debug] [ThreadPool]: On list_postgres_public_staging: Close
[0m21:07:09.449870 [debug] [MainThread]: Using postgres connection "master"
[0m21:07:09.450603 [debug] [MainThread]: On master: /* {"app": "dbt", "dbt_version": "1.12.0", "profile_name": "nyc_taxi", "target_name": "dev", "connection_name": "master"} */
select distinct
        dependent_namespace.nspname as dependent_schema,
        dependent_class.relname as dependent_name,
        referenced_namespace.nspname as referenced_schema,
        referenced_class.relname as referenced_name

    -- Query for views: views are entries in pg_class with an entry in pg_rewrite, but we avoid
    -- a seq scan on pg_rewrite by leveraging the fact there is an "internal" row in pg_depend for
    -- the view...
    from pg_class as dependent_class
    join pg_namespace as dependent_namespace on dependent_namespace.oid = dependent_class.relnamespace
    join pg_depend as dependent_depend on dependent_depend.refobjid = dependent_class.oid
        and dependent_depend.classid = 'pg_rewrite'::regclass
        and dependent_depend.refclassid = 'pg_class'::regclass
        and dependent_depend.deptype = 'i'

    -- ... and via pg_depend (that has a row per column, hence the need for "distinct" above, and
    -- making sure to exclude the internal row to avoid a view appearing to depend on itself)...
    join pg_depend as joining_depend on joining_depend.objid = dependent_depend.objid
        and joining_depend.classid = 'pg_rewrite'::regclass
        and joining_depend.refclassid = 'pg_class'::regclass
        and joining_depend.refobjid != dependent_depend.refobjid

    -- ... we can find the tables they query from in pg_class, but excluding system tables. Note we
    -- don't need need to exclude _dependent_ system tables, because they only query from other
    -- system tables, and so are automatically excluded by excluding _referenced_ system tables
    join pg_class as referenced_class on referenced_class.oid = joining_depend.refobjid
    join pg_namespace as referenced_namespace on referenced_namespace.oid = referenced_class.relnamespace
        and referenced_namespace.nspname != 'information_schema'
        and referenced_namespace.nspname not like 'pg\_%'

    order by
        dependent_schema, dependent_name, referenced_schema, referenced_name;
[0m21:07:09.451254 [debug] [MainThread]: Opening a new connection, currently in state init
[0m21:07:10.050585 [debug] [MainThread]: SQL status: SELECT 2 in 0.599 seconds
[0m21:07:10.054223 [debug] [MainThread]: Sending event: {'category': 'dbt', 'action': 'runnable_timing', 'label': 'f63e75ca-4b1c-488b-ab4f-c508e40a607b', 'context': [<snowplow_tracker.self_describing_json.SelfDescribingJson object at 0x000002C7171F46D0>]}
[0m21:07:10.055289 [debug] [MainThread]: On master: ROLLBACK
[0m21:07:10.116227 [debug] [MainThread]: On master: COMMIT
[0m21:07:10.117055 [debug] [MainThread]: Using postgres connection "master"
[0m21:07:10.117473 [debug] [MainThread]: On master: COMMIT
[0m21:07:10.251223 [debug] [MainThread]: SQL status: COMMIT in 0.133 seconds
[0m21:07:10.252220 [debug] [MainThread]: On master: Close
[0m21:07:10.260150 [debug] [Thread-1 (]: Began running node model.nyc_taxi.stg_location
[0m21:07:10.261095 [debug] [Thread-3 (]: Began running node model.nyc_taxi.stg_rate
[0m21:07:10.261832 [debug] [Thread-4 (]: Began running node model.nyc_taxi.stg_time
[0m21:07:10.262424 [debug] [Thread-2 (]: Began running node model.nyc_taxi.stg_payment
[0m21:07:10.263243 [info ] [Thread-1 (]: 1 of 6 START sql view model public_staging.stg_location ........................ [RUN]
[0m21:07:10.267468 [debug] [Thread-1 (]: Acquiring new postgres connection 'model.nyc_taxi.stg_location'
[0m21:07:10.268542 [debug] [Thread-1 (]: Began compiling node model.nyc_taxi.stg_location
[0m21:07:10.264110 [info ] [Thread-3 (]: 3 of 6 START sql view model public_staging.stg_rate ............................ [RUN]
[0m21:07:10.266139 [info ] [Thread-2 (]: 2 of 6 START sql view model public_staging.stg_payment ......................... [RUN]
[0m21:07:10.280280 [debug] [Thread-1 (]: Writing injected SQL for node "model.nyc_taxi.stg_location"
[0m21:07:10.281407 [debug] [Thread-3 (]: Acquiring new postgres connection 'model.nyc_taxi.stg_rate'
[0m21:07:10.282979 [debug] [Thread-3 (]: Began compiling node model.nyc_taxi.stg_rate
[0m21:07:10.284973 [debug] [Thread-3 (]: Writing injected SQL for node "model.nyc_taxi.stg_rate"
[0m21:07:10.265091 [info ] [Thread-4 (]: 4 of 6 START sql view model public_staging.stg_time ............................ [RUN]
[0m21:07:10.282361 [debug] [Thread-2 (]: Acquiring new postgres connection 'model.nyc_taxi.stg_payment'
[0m21:07:10.285962 [debug] [Thread-2 (]: Began compiling node model.nyc_taxi.stg_payment
[0m21:07:10.287929 [debug] [Thread-2 (]: Writing injected SQL for node "model.nyc_taxi.stg_payment"
[0m21:07:10.285578 [debug] [Thread-4 (]: Acquiring new postgres connection 'model.nyc_taxi.stg_time'
[0m21:07:10.289489 [debug] [Thread-4 (]: Began compiling node model.nyc_taxi.stg_time
[0m21:07:10.291453 [debug] [Thread-4 (]: Writing injected SQL for node "model.nyc_taxi.stg_time"
[0m21:07:10.289801 [debug] [Thread-1 (]: Began executing node model.nyc_taxi.stg_location
[0m21:07:10.289104 [debug] [Thread-3 (]: Began executing node model.nyc_taxi.stg_rate
[0m21:07:10.323246 [debug] [Thread-3 (]: Writing runtime sql for node "model.nyc_taxi.stg_rate"
[0m21:07:10.324027 [debug] [Thread-2 (]: Began executing node model.nyc_taxi.stg_payment
[0m21:07:10.319991 [debug] [Thread-1 (]: Writing runtime sql for node "model.nyc_taxi.stg_location"
[0m21:07:10.324571 [debug] [Thread-4 (]: Began executing node model.nyc_taxi.stg_time
[0m21:07:10.329605 [debug] [Thread-4 (]: Writing runtime sql for node "model.nyc_taxi.stg_time"
[0m21:07:10.326472 [debug] [Thread-2 (]: Writing runtime sql for node "model.nyc_taxi.stg_payment"
[0m21:07:10.330067 [debug] [Thread-3 (]: Using postgres connection "model.nyc_taxi.stg_rate"
[0m21:07:10.331682 [debug] [Thread-3 (]: On model.nyc_taxi.stg_rate: /* {"app": "dbt", "dbt_version": "1.12.0", "profile_name": "nyc_taxi", "target_name": "dev", "node_id": "model.nyc_taxi.stg_rate"} */

  create view "postgres"."public_staging"."stg_rate__dbt_tmp"
    
    
  as (
    with source as (
    select * from "postgres"."public"."dim_rate"
)

select
    rate_key,
    rate_name
from source
  );
[0m21:07:10.332484 [debug] [Thread-3 (]: Opening a new connection, currently in state init
[0m21:07:10.333207 [debug] [Thread-1 (]: Using postgres connection "model.nyc_taxi.stg_location"
[0m21:07:10.334121 [debug] [Thread-1 (]: On model.nyc_taxi.stg_location: /* {"app": "dbt", "dbt_version": "1.12.0", "profile_name": "nyc_taxi", "target_name": "dev", "node_id": "model.nyc_taxi.stg_location"} */

  create view "postgres"."public_staging"."stg_location__dbt_tmp"
    
    
  as (
    with source as (
    select * from "postgres"."public"."dim_location"
)

select
    location_key,
    zone,
    borough,
    service_zone
from source
  );
[0m21:07:10.334740 [debug] [Thread-1 (]: Opening a new connection, currently in state init
[0m21:07:10.333686 [debug] [Thread-4 (]: Using postgres connection "model.nyc_taxi.stg_time"
[0m21:07:10.335134 [debug] [Thread-4 (]: On model.nyc_taxi.stg_time: /* {"app": "dbt", "dbt_version": "1.12.0", "profile_name": "nyc_taxi", "target_name": "dev", "node_id": "model.nyc_taxi.stg_time"} */

  create view "postgres"."public_staging"."stg_time__dbt_tmp"
    
    
  as (
    with source as (
    select * from "postgres"."public"."dim_time"
)

select
    time_key,
    datetime,
    date,
    year,
    month,
    month_name,
    day,
    day_of_week,
    day_name,
    hour,
    is_weekend,
    is_peak_hour,
    quarter
from source
  );
[0m21:07:10.335406 [debug] [Thread-4 (]: Opening a new connection, currently in state init
[0m21:07:10.334469 [debug] [Thread-2 (]: Using postgres connection "model.nyc_taxi.stg_payment"
[0m21:07:10.335748 [debug] [Thread-2 (]: On model.nyc_taxi.stg_payment: /* {"app": "dbt", "dbt_version": "1.12.0", "profile_name": "nyc_taxi", "target_name": "dev", "node_id": "model.nyc_taxi.stg_payment"} */

  create view "postgres"."public_staging"."stg_payment__dbt_tmp"
    
    
  as (
    with source as (
    select * from "postgres"."public"."dim_payment"
)

select
    payment_key,
    payment_name
from source
  );
[0m21:07:10.336123 [debug] [Thread-2 (]: Opening a new connection, currently in state init
[0m21:07:10.843382 [debug] [Thread-3 (]: SQL status: CREATE VIEW in 0.511 seconds
[0m21:07:10.848001 [debug] [Thread-3 (]: Using postgres connection "model.nyc_taxi.stg_rate"
[0m21:07:10.848429 [debug] [Thread-3 (]: On model.nyc_taxi.stg_rate: /* {"app": "dbt", "dbt_version": "1.12.0", "profile_name": "nyc_taxi", "target_name": "dev", "node_id": "model.nyc_taxi.stg_rate"} */
alter table "postgres"."public_staging"."stg_rate__dbt_tmp" rename to "stg_rate"
[0m21:07:10.899760 [debug] [Thread-3 (]: SQL status: ALTER TABLE in 0.051 seconds
[0m21:07:10.915277 [debug] [Thread-3 (]: On model.nyc_taxi.stg_rate: COMMIT
[0m21:07:10.915642 [debug] [Thread-3 (]: Using postgres connection "model.nyc_taxi.stg_rate"
[0m21:07:10.915875 [debug] [Thread-3 (]: On model.nyc_taxi.stg_rate: COMMIT
[0m21:07:10.934004 [debug] [Thread-1 (]: SQL status: CREATE VIEW in 0.599 seconds
[0m21:07:10.935945 [debug] [Thread-1 (]: Using postgres connection "model.nyc_taxi.stg_location"
[0m21:07:10.936279 [debug] [Thread-1 (]: On model.nyc_taxi.stg_location: /* {"app": "dbt", "dbt_version": "1.12.0", "profile_name": "nyc_taxi", "target_name": "dev", "node_id": "model.nyc_taxi.stg_location"} */
alter table "postgres"."public_staging"."stg_location__dbt_tmp" rename to "stg_location"
[0m21:07:10.962174 [debug] [Thread-2 (]: SQL status: CREATE VIEW in 0.626 seconds
[0m21:07:10.964181 [debug] [Thread-2 (]: Using postgres connection "model.nyc_taxi.stg_payment"
[0m21:07:10.964467 [debug] [Thread-2 (]: On model.nyc_taxi.stg_payment: /* {"app": "dbt", "dbt_version": "1.12.0", "profile_name": "nyc_taxi", "target_name": "dev", "node_id": "model.nyc_taxi.stg_payment"} */
alter table "postgres"."public_staging"."stg_payment__dbt_tmp" rename to "stg_payment"
[0m21:07:10.967075 [debug] [Thread-3 (]: SQL status: COMMIT in 0.051 seconds
[0m21:07:10.971906 [debug] [Thread-3 (]: Applying DROP to: "postgres"."public_staging"."stg_rate__dbt_backup"
[0m21:07:10.975279 [debug] [Thread-3 (]: Using postgres connection "model.nyc_taxi.stg_rate"
[0m21:07:10.975845 [debug] [Thread-3 (]: On model.nyc_taxi.stg_rate: /* {"app": "dbt", "dbt_version": "1.12.0", "profile_name": "nyc_taxi", "target_name": "dev", "node_id": "model.nyc_taxi.stg_rate"} */
drop view if exists "postgres"."public_staging"."stg_rate__dbt_backup" cascade
[0m21:07:10.976877 [debug] [Thread-4 (]: SQL status: CREATE VIEW in 0.641 seconds
[0m21:07:10.978617 [debug] [Thread-4 (]: Using postgres connection "model.nyc_taxi.stg_time"
[0m21:07:10.978888 [debug] [Thread-4 (]: On model.nyc_taxi.stg_time: /* {"app": "dbt", "dbt_version": "1.12.0", "profile_name": "nyc_taxi", "target_name": "dev", "node_id": "model.nyc_taxi.stg_time"} */
alter table "postgres"."public_staging"."stg_time__dbt_tmp" rename to "stg_time"
[0m21:07:10.998780 [debug] [Thread-1 (]: SQL status: ALTER TABLE in 0.062 seconds
[0m21:07:11.000500 [debug] [Thread-1 (]: On model.nyc_taxi.stg_location: COMMIT
[0m21:07:11.000832 [debug] [Thread-1 (]: Using postgres connection "model.nyc_taxi.stg_location"
[0m21:07:11.001061 [debug] [Thread-1 (]: On model.nyc_taxi.stg_location: COMMIT
[0m21:07:11.031094 [debug] [Thread-2 (]: SQL status: ALTER TABLE in 0.066 seconds
[0m21:07:11.033646 [debug] [Thread-2 (]: On model.nyc_taxi.stg_payment: COMMIT
[0m21:07:11.034035 [debug] [Thread-2 (]: Using postgres connection "model.nyc_taxi.stg_payment"
[0m21:07:11.034691 [debug] [Thread-2 (]: On model.nyc_taxi.stg_payment: COMMIT
[0m21:07:11.034391 [debug] [Thread-3 (]: SQL status: DROP VIEW in 0.058 seconds
[0m21:07:11.036529 [debug] [Thread-3 (]: On model.nyc_taxi.stg_rate: Close
[0m21:07:11.040343 [debug] [Thread-3 (]: Sending event: {'category': 'dbt', 'action': 'run_model', 'label': 'f63e75ca-4b1c-488b-ab4f-c508e40a607b', 'context': [<snowplow_tracker.self_describing_json.SelfDescribingJson object at 0x000002C71731C410>]}
[0m21:07:11.040973 [info ] [Thread-3 (]: 3 of 6 OK created sql view model public_staging.stg_rate ....................... [[32mCREATE VIEW[0m in 0.76s]
[0m21:07:11.041587 [debug] [Thread-3 (]: Finished running node model.nyc_taxi.stg_rate
[0m21:07:11.041945 [debug] [Thread-3 (]: Began running node model.nyc_taxi.stg_trip
[0m21:07:11.042389 [info ] [Thread-3 (]: 5 of 6 START sql view model public_staging.stg_trip ............................ [RUN]
[0m21:07:11.042848 [debug] [Thread-3 (]: Re-using an available connection from the pool (formerly model.nyc_taxi.stg_rate, now model.nyc_taxi.stg_trip)
[0m21:07:11.043101 [debug] [Thread-3 (]: Began compiling node model.nyc_taxi.stg_trip
[0m21:07:11.045264 [debug] [Thread-3 (]: Writing injected SQL for node "model.nyc_taxi.stg_trip"
[0m21:07:11.046278 [debug] [Thread-4 (]: SQL status: ALTER TABLE in 0.067 seconds
[0m21:07:11.048211 [debug] [Thread-4 (]: On model.nyc_taxi.stg_time: COMMIT
[0m21:07:11.048554 [debug] [Thread-4 (]: Using postgres connection "model.nyc_taxi.stg_time"
[0m21:07:11.048821 [debug] [Thread-4 (]: On model.nyc_taxi.stg_time: COMMIT
[0m21:07:11.049275 [debug] [Thread-3 (]: Began executing node model.nyc_taxi.stg_trip
[0m21:07:11.052142 [debug] [Thread-3 (]: Writing runtime sql for node "model.nyc_taxi.stg_trip"
[0m21:07:11.054106 [debug] [Thread-3 (]: Using postgres connection "model.nyc_taxi.stg_trip"
[0m21:07:11.054719 [debug] [Thread-3 (]: On model.nyc_taxi.stg_trip: /* {"app": "dbt", "dbt_version": "1.12.0", "profile_name": "nyc_taxi", "target_name": "dev", "node_id": "model.nyc_taxi.stg_trip"} */

  create view "postgres"."public_staging"."stg_trip__dbt_tmp"
    
    
  as (
    with source as (
    select * from "postgres"."public"."fact_trip"
)

select
    trip_id,
    vendor_key,
    pickup_time_key,
    dropoff_time_key,
    pickup_location_key,
    dropoff_location_key,
    payment_key,
    rate_key,
    passenger_count,
    trip_distance,
    trip_duration_min,
    fare_amount,
    tip_amount,
    tip_ratio,
    total_amount
from source
where trip_duration_min > 0
  and trip_distance > 0
  and total_amount > 0
  );
[0m21:07:11.055151 [debug] [Thread-3 (]: Opening a new connection, currently in state closed
[0m21:07:11.063277 [debug] [Thread-1 (]: SQL status: COMMIT in 0.062 seconds
[0m21:07:11.064681 [debug] [Thread-1 (]: Applying DROP to: "postgres"."public_staging"."stg_location__dbt_backup"
[0m21:07:11.065845 [debug] [Thread-1 (]: Using postgres connection "model.nyc_taxi.stg_location"
[0m21:07:11.066186 [debug] [Thread-1 (]: On model.nyc_taxi.stg_location: /* {"app": "dbt", "dbt_version": "1.12.0", "profile_name": "nyc_taxi", "target_name": "dev", "node_id": "model.nyc_taxi.stg_location"} */
drop view if exists "postgres"."public_staging"."stg_location__dbt_backup" cascade
[0m21:07:11.098973 [debug] [Thread-2 (]: SQL status: COMMIT in 0.064 seconds
[0m21:07:11.102503 [debug] [Thread-2 (]: Applying DROP to: "postgres"."public_staging"."stg_payment__dbt_backup"
[0m21:07:11.104271 [debug] [Thread-2 (]: Using postgres connection "model.nyc_taxi.stg_payment"
[0m21:07:11.105040 [debug] [Thread-2 (]: On model.nyc_taxi.stg_payment: /* {"app": "dbt", "dbt_version": "1.12.0", "profile_name": "nyc_taxi", "target_name": "dev", "node_id": "model.nyc_taxi.stg_payment"} */
drop view if exists "postgres"."public_staging"."stg_payment__dbt_backup" cascade
[0m21:07:11.113063 [debug] [Thread-4 (]: SQL status: COMMIT in 0.064 seconds
[0m21:07:11.119399 [debug] [Thread-4 (]: Applying DROP to: "postgres"."public_staging"."stg_time__dbt_backup"
[0m21:07:11.121926 [debug] [Thread-4 (]: Using postgres connection "model.nyc_taxi.stg_time"
[0m21:07:11.122325 [debug] [Thread-4 (]: On model.nyc_taxi.stg_time: /* {"app": "dbt", "dbt_version": "1.12.0", "profile_name": "nyc_taxi", "target_name": "dev", "node_id": "model.nyc_taxi.stg_time"} */
drop view if exists "postgres"."public_staging"."stg_time__dbt_backup" cascade
[0m21:07:11.128857 [debug] [Thread-1 (]: SQL status: DROP VIEW in 0.062 seconds
[0m21:07:11.130670 [debug] [Thread-1 (]: On model.nyc_taxi.stg_location: Close
[0m21:07:11.132122 [debug] [Thread-1 (]: Sending event: {'category': 'dbt', 'action': 'run_model', 'label': 'f63e75ca-4b1c-488b-ab4f-c508e40a607b', 'context': [<snowplow_tracker.self_describing_json.SelfDescribingJson object at 0x000002C717322360>]}
[0m21:07:11.133490 [info ] [Thread-1 (]: 1 of 6 OK created sql view model public_staging.stg_location ................... [[32mCREATE VIEW[0m in 0.87s]
[0m21:07:11.135099 [debug] [Thread-1 (]: Finished running node model.nyc_taxi.stg_location
[0m21:07:11.135944 [debug] [Thread-1 (]: Began running node model.nyc_taxi.stg_vendor
[0m21:07:11.137165 [info ] [Thread-1 (]: 6 of 6 START sql view model public_staging.stg_vendor .......................... [RUN]
[0m21:07:11.138110 [debug] [Thread-1 (]: Re-using an available connection from the pool (formerly model.nyc_taxi.stg_location, now model.nyc_taxi.stg_vendor)
[0m21:07:11.138632 [debug] [Thread-1 (]: Began compiling node model.nyc_taxi.stg_vendor
[0m21:07:11.141147 [debug] [Thread-1 (]: Writing injected SQL for node "model.nyc_taxi.stg_vendor"
[0m21:07:11.142434 [debug] [Thread-1 (]: Began executing node model.nyc_taxi.stg_vendor
[0m21:07:11.145269 [debug] [Thread-1 (]: Writing runtime sql for node "model.nyc_taxi.stg_vendor"
[0m21:07:11.146315 [debug] [Thread-1 (]: Using postgres connection "model.nyc_taxi.stg_vendor"
[0m21:07:11.146822 [debug] [Thread-1 (]: On model.nyc_taxi.stg_vendor: /* {"app": "dbt", "dbt_version": "1.12.0", "profile_name": "nyc_taxi", "target_name": "dev", "node_id": "model.nyc_taxi.stg_vendor"} */

  create view "postgres"."public_staging"."stg_vendor__dbt_tmp"
    
    
  as (
    with source as (
    select * from "postgres"."public"."dim_vendor"
)

select
    vendor_key,
    vendor_name
from source
  );
[0m21:07:11.147510 [debug] [Thread-1 (]: Opening a new connection, currently in state closed
[0m21:07:11.168979 [debug] [Thread-2 (]: SQL status: DROP VIEW in 0.063 seconds
[0m21:07:11.171261 [debug] [Thread-2 (]: On model.nyc_taxi.stg_payment: Close
[0m21:07:11.172037 [debug] [Thread-2 (]: Sending event: {'category': 'dbt', 'action': 'run_model', 'label': 'f63e75ca-4b1c-488b-ab4f-c508e40a607b', 'context': [<snowplow_tracker.self_describing_json.SelfDescribingJson object at 0x000002C7172D5EF0>]}
[0m21:07:11.172566 [info ] [Thread-2 (]: 2 of 6 OK created sql view model public_staging.stg_payment .................... [[32mCREATE VIEW[0m in 0.89s]
[0m21:07:11.173157 [debug] [Thread-2 (]: Finished running node model.nyc_taxi.stg_payment
[0m21:07:11.188150 [debug] [Thread-4 (]: SQL status: DROP VIEW in 0.065 seconds
[0m21:07:11.190790 [debug] [Thread-4 (]: On model.nyc_taxi.stg_time: Close
[0m21:07:11.193975 [debug] [Thread-4 (]: Sending event: {'category': 'dbt', 'action': 'run_model', 'label': 'f63e75ca-4b1c-488b-ab4f-c508e40a607b', 'context': [<snowplow_tracker.self_describing_json.SelfDescribingJson object at 0x000002C7172B29D0>]}
[0m21:07:11.195633 [info ] [Thread-4 (]: 4 of 6 OK created sql view model public_staging.stg_time ....................... [[32mCREATE VIEW[0m in 0.91s]
[0m21:07:11.197740 [debug] [Thread-4 (]: Finished running node model.nyc_taxi.stg_time
[0m21:07:11.581131 [debug] [Thread-3 (]: SQL status: CREATE VIEW in 0.525 seconds
[0m21:07:11.586824 [debug] [Thread-3 (]: Using postgres connection "model.nyc_taxi.stg_trip"
[0m21:07:11.588214 [debug] [Thread-3 (]: On model.nyc_taxi.stg_trip: /* {"app": "dbt", "dbt_version": "1.12.0", "profile_name": "nyc_taxi", "target_name": "dev", "node_id": "model.nyc_taxi.stg_trip"} */
alter table "postgres"."public_staging"."stg_trip" rename to "stg_trip__dbt_backup"
[0m21:07:11.645289 [debug] [Thread-3 (]: SQL status: ALTER TABLE in 0.056 seconds
[0m21:07:11.648078 [debug] [Thread-3 (]: Using postgres connection "model.nyc_taxi.stg_trip"
[0m21:07:11.648748 [debug] [Thread-3 (]: On model.nyc_taxi.stg_trip: /* {"app": "dbt", "dbt_version": "1.12.0", "profile_name": "nyc_taxi", "target_name": "dev", "node_id": "model.nyc_taxi.stg_trip"} */
alter table "postgres"."public_staging"."stg_trip__dbt_tmp" rename to "stg_trip"
[0m21:07:11.660557 [debug] [Thread-1 (]: SQL status: CREATE VIEW in 0.513 seconds
[0m21:07:11.662574 [debug] [Thread-1 (]: Using postgres connection "model.nyc_taxi.stg_vendor"
[0m21:07:11.663100 [debug] [Thread-1 (]: On model.nyc_taxi.stg_vendor: /* {"app": "dbt", "dbt_version": "1.12.0", "profile_name": "nyc_taxi", "target_name": "dev", "node_id": "model.nyc_taxi.stg_vendor"} */
alter table "postgres"."public_staging"."stg_vendor__dbt_tmp" rename to "stg_vendor"
[0m21:07:11.705469 [debug] [Thread-3 (]: SQL status: ALTER TABLE in 0.056 seconds
[0m21:07:11.708860 [debug] [Thread-3 (]: On model.nyc_taxi.stg_trip: COMMIT
[0m21:07:11.709242 [debug] [Thread-3 (]: Using postgres connection "model.nyc_taxi.stg_trip"
[0m21:07:11.709480 [debug] [Thread-3 (]: On model.nyc_taxi.stg_trip: COMMIT
[0m21:07:11.716496 [debug] [Thread-1 (]: SQL status: ALTER TABLE in 0.053 seconds
[0m21:07:11.717916 [debug] [Thread-1 (]: On model.nyc_taxi.stg_vendor: COMMIT
[0m21:07:11.718545 [debug] [Thread-1 (]: Using postgres connection "model.nyc_taxi.stg_vendor"
[0m21:07:11.718893 [debug] [Thread-1 (]: On model.nyc_taxi.stg_vendor: COMMIT
[0m21:07:11.766099 [debug] [Thread-3 (]: SQL status: COMMIT in 0.056 seconds
[0m21:07:11.769709 [debug] [Thread-3 (]: Applying DROP to: "postgres"."public_staging"."stg_trip__dbt_backup"
[0m21:07:11.770839 [debug] [Thread-3 (]: Using postgres connection "model.nyc_taxi.stg_trip"
[0m21:07:11.771364 [debug] [Thread-3 (]: On model.nyc_taxi.stg_trip: /* {"app": "dbt", "dbt_version": "1.12.0", "profile_name": "nyc_taxi", "target_name": "dev", "node_id": "model.nyc_taxi.stg_trip"} */
drop view if exists "postgres"."public_staging"."stg_trip__dbt_backup" cascade
[0m21:07:11.773551 [debug] [Thread-1 (]: SQL status: COMMIT in 0.054 seconds
[0m21:07:11.776471 [debug] [Thread-1 (]: Applying DROP to: "postgres"."public_staging"."stg_vendor__dbt_backup"
[0m21:07:11.777674 [debug] [Thread-1 (]: Using postgres connection "model.nyc_taxi.stg_vendor"
[0m21:07:11.778180 [debug] [Thread-1 (]: On model.nyc_taxi.stg_vendor: /* {"app": "dbt", "dbt_version": "1.12.0", "profile_name": "nyc_taxi", "target_name": "dev", "node_id": "model.nyc_taxi.stg_vendor"} */
drop view if exists "postgres"."public_staging"."stg_vendor__dbt_backup" cascade
[0m21:07:11.831832 [debug] [Thread-1 (]: SQL status: DROP VIEW in 0.053 seconds
[0m21:07:11.835174 [debug] [Thread-1 (]: On model.nyc_taxi.stg_vendor: Close
[0m21:07:11.832741 [debug] [Thread-3 (]: SQL status: DROP VIEW in 0.061 seconds
[0m21:07:11.838522 [debug] [Thread-3 (]: On model.nyc_taxi.stg_trip: Close
[0m21:07:11.839610 [debug] [Thread-1 (]: Sending event: {'category': 'dbt', 'action': 'run_model', 'label': 'f63e75ca-4b1c-488b-ab4f-c508e40a607b', 'context': [<snowplow_tracker.self_describing_json.SelfDescribingJson object at 0x000002C716F01160>]}
[0m21:07:11.841968 [debug] [Thread-3 (]: Sending event: {'category': 'dbt', 'action': 'run_model', 'label': 'f63e75ca-4b1c-488b-ab4f-c508e40a607b', 'context': [<snowplow_tracker.self_describing_json.SelfDescribingJson object at 0x000002C7171AF8F0>]}
[0m21:07:11.841066 [info ] [Thread-1 (]: 6 of 6 OK created sql view model public_staging.stg_vendor ..................... [[32mCREATE VIEW[0m in 0.70s]
[0m21:07:11.845129 [debug] [Thread-1 (]: Finished running node model.nyc_taxi.stg_vendor
[0m21:07:11.843696 [info ] [Thread-3 (]: 5 of 6 OK created sql view model public_staging.stg_trip ....................... [[32mCREATE VIEW[0m in 0.80s]
[0m21:07:11.846160 [debug] [Thread-3 (]: Finished running node model.nyc_taxi.stg_trip
[0m21:07:11.848526 [debug] [MainThread]: On master: COMMIT
[0m21:07:11.849150 [debug] [MainThread]: Using postgres connection "master"
[0m21:07:11.849895 [debug] [MainThread]: On master: COMMIT
[0m21:07:11.850553 [debug] [MainThread]: Opening a new connection, currently in state closed
[0m21:07:12.449956 [debug] [MainThread]: SQL status: COMMIT in 0.599 seconds
[0m21:07:12.450813 [debug] [MainThread]: On master: Close
[0m21:07:12.452108 [debug] [MainThread]: Connection 'master' was properly closed.
[0m21:07:12.452731 [debug] [MainThread]: Connection 'list_postgres' was properly closed.
[0m21:07:12.453254 [debug] [MainThread]: Connection 'list_postgres_public_staging' was properly closed.
[0m21:07:12.454023 [debug] [MainThread]: Connection 'model.nyc_taxi.stg_vendor' was properly closed.
[0m21:07:12.454805 [debug] [MainThread]: Connection 'model.nyc_taxi.stg_trip' was properly closed.
[0m21:07:12.455470 [debug] [MainThread]: Connection 'model.nyc_taxi.stg_payment' was properly closed.
[0m21:07:12.455957 [debug] [MainThread]: Connection 'model.nyc_taxi.stg_time' was properly closed.
[0m21:07:12.456623 [info ] [MainThread]: 
[0m21:07:12.457415 [info ] [MainThread]: Finished running 6 view models in 0 hours 0 minutes and 4.53 seconds (4.53s).
[0m21:07:12.459627 [debug] [MainThread]: Command end result
[0m21:07:12.506813 [debug] [MainThread]: Wrote artifact WritableManifest to dbt\target\manifest.json
[0m21:07:12.510443 [debug] [MainThread]: Wrote artifact SemanticManifest to dbt\target\semantic_manifest.json
[0m21:07:12.513489 [debug] [MainThread]: Wrote artifact OsiDocument to dbt\target\osi_document.json
[0m21:07:12.521291 [debug] [MainThread]: Wrote artifact RunExecutionResult to dbt\target\run_results.json
[0m21:07:12.521611 [info ] [MainThread]: 
[0m21:07:12.522071 [info ] [MainThread]: [32mCompleted successfully[0m
[0m21:07:12.522380 [info ] [MainThread]: 
[0m21:07:12.522650 [info ] [MainThread]: Done. PASS=6 WARN=0 ERROR=0 SKIP=0 NO-OP=0 REUSED=0 TOTAL=6
[0m21:07:12.523378 [debug] [MainThread]: Command `dbt run` succeeded at 21:07:12.523260 after 5.70 seconds
[0m21:07:12.523855 [debug] [MainThread]: Sending event: {'category': 'dbt', 'action': 'invocation', 'label': 'end', 'context': [<snowplow_tracker.self_describing_json.SelfDescribingJson object at 0x000002C716C138F0>, <snowplow_tracker.self_describing_json.SelfDescribingJson object at 0x000002C7162D4530>, <snowplow_tracker.self_describing_json.SelfDescribingJson object at 0x000002C716519790>]}
[0m21:07:12.524247 [debug] [MainThread]: Flushing usage events
[0m21:07:13.854196 [debug] [MainThread]: An error was encountered while trying to flush usage events
[0m21:07:26.136561 [debug] [MainThread]: Sending event: {'category': 'dbt', 'action': 'invocation', 'label': 'start', 'context': [<snowplow_tracker.self_describing_json.SelfDescribingJson object at 0x000002A805F40590>, <snowplow_tracker.self_describing_json.SelfDescribingJson object at 0x000002A8034BCB90>, <snowplow_tracker.self_describing_json.SelfDescribingJson object at 0x000002A8084D3890>]}


============================== 21:07:26.141098 | 38c9247a-ae08-4ac1-8b65-ffebf3033a54 ==============================
[0m21:07:26.141098 [info ] [MainThread]: Running with dbt=1.12.0
[0m21:07:26.141805 [debug] [MainThread]: running dbt with arguments {'version_check': 'True', 'no_print': 'None', 'maximum_seed_size_mib': '1', 'warn_error_options': 'WarnErrorOptionsV2(error=[], warn=[], silence=[])', 'static_parser': 'True', 'target_path': 'None', 'printer_width': '80', 'write_json': 'True', 'empty': 'None', 'log_cache_events': 'False', 'introspect': 'True', 'cache_selected_only': 'False', 'fail_fast': 'False', 'debug': 'False', 'log_format': 'default', 'profiles_dir': 'dbt', 'send_anonymous_usage_stats': 'True', 'quiet': 'False', 'warn_error': 'None', 'partial_parse': 'True', 'use_colors': 'True', 'hints_enabled': 'True', 'invocation_command': 'dbt test --select staging --project-dir dbt --profiles-dir dbt', 'use_experimental_parser': 'False', 'indirect_selection': 'eager', 'log_path': 'dbt\\logs'}
[0m21:07:26.289800 [debug] [MainThread]: Sending event: {'category': 'dbt', 'action': 'project_id', 'label': '38c9247a-ae08-4ac1-8b65-ffebf3033a54', 'context': [<snowplow_tracker.self_describing_json.SelfDescribingJson object at 0x000002A808452B10>]}
[0m21:07:26.344219 [debug] [MainThread]: Sending event: {'category': 'dbt', 'action': 'adapter_info', 'label': '38c9247a-ae08-4ac1-8b65-ffebf3033a54', 'context': [<snowplow_tracker.self_describing_json.SelfDescribingJson object at 0x000002A80341BF00>]}
[0m21:07:26.345501 [info ] [MainThread]: Registered adapter: postgres=1.11.0
[0m21:07:26.486340 [debug] [MainThread]: checksum: d266517bde050d9204aee05e09a0f60d0aff1ba26c776ccef1af446d5bccf069, vars: {}, profile: nyc_taxi, target: dev, version: 1.12.0
[0m21:07:26.575534 [debug] [MainThread]: Partial parsing enabled: 0 files deleted, 0 files added, 0 files changed.
[0m21:07:26.575840 [debug] [MainThread]: Nothing changed, skipping partial parsing.
[0m21:07:26.576031 [debug] [MainThread]: Partial parsing enabled, no changes found, skipping parsing
[0m21:07:26.580118 [warn ] [MainThread]: [[33mWARNING[0m]: Configuration paths exist in your dbt_project.yml file which do not apply to any resources.
There are 2 unused configuration paths:
- models.nyc_taxi.intermediate
- models.nyc_taxi.marts
[0m21:07:26.583226 [debug] [MainThread]: Sending event: {'category': 'dbt', 'action': 'load_project', 'label': '38c9247a-ae08-4ac1-8b65-ffebf3033a54', 'context': [<snowplow_tracker.self_describing_json.SelfDescribingJson object at 0x000002A808C39050>]}
[0m21:07:26.664715 [debug] [MainThread]: Wrote artifact WritableManifest to dbt\target\manifest.json
[0m21:07:26.666935 [debug] [MainThread]: Wrote artifact SemanticManifest to dbt\target\semantic_manifest.json
[0m21:07:26.683054 [debug] [MainThread]: Wrote artifact OsiDocument to dbt\target\osi_document.json
[0m21:07:26.700532 [debug] [MainThread]: Sending event: {'category': 'dbt', 'action': 'resource_counts', 'label': '38c9247a-ae08-4ac1-8b65-ffebf3033a54', 'context': [<snowplow_tracker.self_describing_json.SelfDescribingJson object at 0x000002A808AD3980>]}
[0m21:07:26.700995 [info ] [MainThread]: Found 6 models, 6 sources, 477 macros
[0m21:07:26.701578 [debug] [MainThread]: Sending event: {'category': 'dbt', 'action': 'runnable_timing', 'label': '38c9247a-ae08-4ac1-8b65-ffebf3033a54', 'context': [<snowplow_tracker.self_describing_json.SelfDescribingJson object at 0x000002A808D84BB0>]}
[0m21:07:26.703322 [warn ] [MainThread]: [[33mWARNING[0m]: Nothing to do. Try checking your model configs and model specification args
[0m21:07:26.705609 [debug] [MainThread]: Command end result
[0m21:07:26.730275 [debug] [MainThread]: Wrote artifact WritableManifest to dbt\target\manifest.json
[0m21:07:26.732520 [debug] [MainThread]: Wrote artifact SemanticManifest to dbt\target\semantic_manifest.json
[0m21:07:26.734931 [debug] [MainThread]: Wrote artifact OsiDocument to dbt\target\osi_document.json
[0m21:07:26.752123 [debug] [MainThread]: Wrote artifact RunExecutionResult to dbt\target\run_results.json
[0m21:07:26.753698 [debug] [MainThread]: Command `dbt test` succeeded at 21:07:26.753433 after 0.83 seconds
[0m21:07:26.754506 [debug] [MainThread]: Sending event: {'category': 'dbt', 'action': 'invocation', 'label': 'end', 'context': [<snowplow_tracker.self_describing_json.SelfDescribingJson object at 0x000002A8082E5980>, <snowplow_tracker.self_describing_json.SelfDescribingJson object at 0x000002A808CA7E90>, <snowplow_tracker.self_describing_json.SelfDescribingJson object at 0x000002A808CA7AD0>]}
[0m21:07:26.755265 [debug] [MainThread]: Flushing usage events
[0m21:07:27.814895 [debug] [MainThread]: An error was encountered while trying to flush usage events
[0m21:48:11.594530 [debug] [MainThread]: Sending event: {'category': 'dbt', 'action': 'invocation', 'label': 'start', 'context': [<snowplow_tracker.self_describing_json.SelfDescribingJson object at 0x00000236B9B90590>, <snowplow_tracker.self_describing_json.SelfDescribingJson object at 0x00000236B7108B90>, <snowplow_tracker.self_describing_json.SelfDescribingJson object at 0x00000236BC123890>]}


============================== 21:48:11.600363 | 445f302a-16cd-4ce9-81f5-d654394e4c62 ==============================
[0m21:48:11.600363 [info ] [MainThread]: Running with dbt=1.12.0
[0m21:48:11.603948 [debug] [MainThread]: running dbt with arguments {'version_check': 'True', 'no_print': 'None', 'static_parser': 'True', 'warn_error_options': 'WarnErrorOptionsV2(error=[], warn=[], silence=[])', 'target_path': 'None', 'maximum_seed_size_mib': '1', 'printer_width': '80', 'write_json': 'True', 'introspect': 'True', 'log_cache_events': 'False', 'empty': 'False', 'cache_selected_only': 'False', 'fail_fast': 'False', 'debug': 'False', 'log_format': 'default', 'partial_parse': 'True', 'send_anonymous_usage_stats': 'True', 'quiet': 'False', 'warn_error': 'None', 'profiles_dir': 'dbt', 'use_colors': 'True', 'hints_enabled': 'True', 'invocation_command': 'dbt compile --project-dir dbt --profiles-dir dbt', 'use_experimental_parser': 'False', 'indirect_selection': 'eager', 'log_path': 'dbt\\logs'}
[0m21:48:11.877135 [debug] [MainThread]: Sending event: {'category': 'dbt', 'action': 'project_id', 'label': '445f302a-16cd-4ce9-81f5-d654394e4c62', 'context': [<snowplow_tracker.self_describing_json.SelfDescribingJson object at 0x00000236BC0A2B10>]}
[0m21:48:11.932172 [debug] [MainThread]: Sending event: {'category': 'dbt', 'action': 'adapter_info', 'label': '445f302a-16cd-4ce9-81f5-d654394e4c62', 'context': [<snowplow_tracker.self_describing_json.SelfDescribingJson object at 0x00000236B706BF00>]}
[0m21:48:11.933205 [info ] [MainThread]: Registered adapter: postgres=1.11.0
[0m21:48:12.079843 [debug] [MainThread]: checksum: d266517bde050d9204aee05e09a0f60d0aff1ba26c776ccef1af446d5bccf069, vars: {}, profile: nyc_taxi, target: dev, version: 1.12.0
[0m21:48:12.177211 [debug] [MainThread]: Partial parsing enabled: 0 files deleted, 0 files added, 0 files changed.
[0m21:48:12.177553 [debug] [MainThread]: Nothing changed, skipping partial parsing.
[0m21:48:12.177753 [debug] [MainThread]: Partial parsing enabled, no changes found, skipping parsing
[0m21:48:12.182117 [warn ] [MainThread]: [[33mWARNING[0m]: Configuration paths exist in your dbt_project.yml file which do not apply to any resources.
There are 2 unused configuration paths:
- models.nyc_taxi.intermediate
- models.nyc_taxi.marts
[0m21:48:12.188623 [debug] [MainThread]: Sending event: {'category': 'dbt', 'action': 'load_project', 'label': '445f302a-16cd-4ce9-81f5-d654394e4c62', 'context': [<snowplow_tracker.self_describing_json.SelfDescribingJson object at 0x00000236BC8FD050>]}
[0m21:48:12.300138 [debug] [MainThread]: Wrote artifact WritableManifest to dbt\target\manifest.json
[0m21:48:12.302742 [debug] [MainThread]: Wrote artifact SemanticManifest to dbt\target\semantic_manifest.json
[0m21:48:12.317293 [debug] [MainThread]: Wrote artifact OsiDocument to dbt\target\osi_document.json
[0m21:48:12.330030 [debug] [MainThread]: Sending event: {'category': 'dbt', 'action': 'resource_counts', 'label': '445f302a-16cd-4ce9-81f5-d654394e4c62', 'context': [<snowplow_tracker.self_describing_json.SelfDescribingJson object at 0x00000236BC38B020>]}
[0m21:48:12.331395 [info ] [MainThread]: Found 6 models, 6 sources, 477 macros
[0m21:48:12.343184 [debug] [MainThread]: Sending event: {'category': 'dbt', 'action': 'runnable_timing', 'label': '445f302a-16cd-4ce9-81f5-d654394e4c62', 'context': [<snowplow_tracker.self_describing_json.SelfDescribingJson object at 0x00000236BC97BD90>]}
[0m21:48:12.348259 [info ] [MainThread]: 
[0m21:48:12.355447 [info ] [MainThread]: Concurrency: 4 threads (target='dev')
[0m21:48:12.363175 [info ] [MainThread]: 
[0m21:48:12.376341 [debug] [MainThread]: Acquiring new postgres connection 'master'
[0m21:48:12.388325 [debug] [ThreadPool]: Acquiring new postgres connection 'list_postgres_public_staging'
[0m21:48:12.456421 [debug] [ThreadPool]: Using postgres connection "list_postgres_public_staging"
[0m21:48:12.456763 [debug] [ThreadPool]: On list_postgres_public_staging: /* {"app": "dbt", "dbt_version": "1.12.0", "profile_name": "nyc_taxi", "target_name": "dev", "connection_name": "list_postgres_public_staging"} */
select
      'postgres' as database,
      tablename as name,
      schemaname as schema,
      'table' as type
    from pg_tables
    where schemaname ilike 'public_staging'
    union all
    select
      'postgres' as database,
      viewname as name,
      schemaname as schema,
      'view' as type
    from pg_views
    where schemaname ilike 'public_staging'
    union all
    select
      'postgres' as database,
      matviewname as name,
      schemaname as schema,
      'materialized_view' as type
    from pg_matviews
    where schemaname ilike 'public_staging'
    union all
    select distinct
     'postgres' as database,
     proname as name,
     ns.nspname as schema,
     'function' as type
    from pg_proc
     join pg_namespace as ns on pronamespace = ns.oid
    where ns.nspname ilike 'public_staging'
  
[0m21:48:12.457041 [debug] [ThreadPool]: Opening a new connection, currently in state init
[0m21:48:13.213033 [debug] [ThreadPool]: SQL status: SELECT 6 in 0.755 seconds
[0m21:48:13.225355 [debug] [ThreadPool]: On list_postgres_public_staging: ROLLBACK
[0m21:48:13.290581 [debug] [ThreadPool]: On list_postgres_public_staging: Close
[0m21:48:13.308578 [debug] [MainThread]: Using postgres connection "master"
[0m21:48:13.309879 [debug] [MainThread]: On master: /* {"app": "dbt", "dbt_version": "1.12.0", "profile_name": "nyc_taxi", "target_name": "dev", "connection_name": "master"} */
select distinct
        dependent_namespace.nspname as dependent_schema,
        dependent_class.relname as dependent_name,
        referenced_namespace.nspname as referenced_schema,
        referenced_class.relname as referenced_name

    -- Query for views: views are entries in pg_class with an entry in pg_rewrite, but we avoid
    -- a seq scan on pg_rewrite by leveraging the fact there is an "internal" row in pg_depend for
    -- the view...
    from pg_class as dependent_class
    join pg_namespace as dependent_namespace on dependent_namespace.oid = dependent_class.relnamespace
    join pg_depend as dependent_depend on dependent_depend.refobjid = dependent_class.oid
        and dependent_depend.classid = 'pg_rewrite'::regclass
        and dependent_depend.refclassid = 'pg_class'::regclass
        and dependent_depend.deptype = 'i'

    -- ... and via pg_depend (that has a row per column, hence the need for "distinct" above, and
    -- making sure to exclude the internal row to avoid a view appearing to depend on itself)...
    join pg_depend as joining_depend on joining_depend.objid = dependent_depend.objid
        and joining_depend.classid = 'pg_rewrite'::regclass
        and joining_depend.refclassid = 'pg_class'::regclass
        and joining_depend.refobjid != dependent_depend.refobjid

    -- ... we can find the tables they query from in pg_class, but excluding system tables. Note we
    -- don't need need to exclude _dependent_ system tables, because they only query from other
    -- system tables, and so are automatically excluded by excluding _referenced_ system tables
    join pg_class as referenced_class on referenced_class.oid = joining_depend.refobjid
    join pg_namespace as referenced_namespace on referenced_namespace.oid = referenced_class.relnamespace
        and referenced_namespace.nspname != 'information_schema'
        and referenced_namespace.nspname not like 'pg\_%'

    order by
        dependent_schema, dependent_name, referenced_schema, referenced_name;
[0m21:48:13.310829 [debug] [MainThread]: Opening a new connection, currently in state init
[0m21:48:13.918990 [debug] [MainThread]: SQL status: SELECT 7 in 0.607 seconds
[0m21:48:13.922758 [debug] [MainThread]: Sending event: {'category': 'dbt', 'action': 'runnable_timing', 'label': '445f302a-16cd-4ce9-81f5-d654394e4c62', 'context': [<snowplow_tracker.self_describing_json.SelfDescribingJson object at 0x00000236BCAF7450>]}
[0m21:48:13.923445 [debug] [MainThread]: On master: ROLLBACK
[0m21:48:13.985777 [debug] [MainThread]: On master: Close
[0m21:48:13.996416 [debug] [Thread-3 (]: Began running node model.nyc_taxi.stg_rate
[0m21:48:13.997565 [debug] [Thread-1 (]: Began running node model.nyc_taxi.stg_location
[0m21:48:13.998497 [debug] [Thread-4 (]: Began running node model.nyc_taxi.stg_time
[0m21:48:13.999340 [debug] [Thread-2 (]: Began running node model.nyc_taxi.stg_payment
[0m21:48:14.000628 [debug] [Thread-3 (]: Acquiring new postgres connection 'model.nyc_taxi.stg_rate'
[0m21:48:14.002306 [debug] [Thread-1 (]: Acquiring new postgres connection 'model.nyc_taxi.stg_location'
[0m21:48:14.003822 [debug] [Thread-4 (]: Acquiring new postgres connection 'model.nyc_taxi.stg_time'
[0m21:48:14.005038 [debug] [Thread-2 (]: Acquiring new postgres connection 'model.nyc_taxi.stg_payment'
[0m21:48:14.006063 [debug] [Thread-3 (]: Began compiling node model.nyc_taxi.stg_rate
[0m21:48:14.006994 [debug] [Thread-1 (]: Began compiling node model.nyc_taxi.stg_location
[0m21:48:14.007928 [debug] [Thread-4 (]: Began compiling node model.nyc_taxi.stg_time
[0m21:48:14.009106 [debug] [Thread-2 (]: Began compiling node model.nyc_taxi.stg_payment
[0m21:48:14.026214 [debug] [Thread-3 (]: Writing injected SQL for node "model.nyc_taxi.stg_rate"
[0m21:48:14.030414 [debug] [Thread-1 (]: Writing injected SQL for node "model.nyc_taxi.stg_location"
[0m21:48:14.037034 [debug] [Thread-4 (]: Writing injected SQL for node "model.nyc_taxi.stg_time"
[0m21:48:14.043906 [debug] [Thread-2 (]: Writing injected SQL for node "model.nyc_taxi.stg_payment"
[0m21:48:14.046730 [debug] [Thread-3 (]: Began executing node model.nyc_taxi.stg_rate
[0m21:48:14.048811 [debug] [Thread-3 (]: Finished running node model.nyc_taxi.stg_rate
[0m21:48:14.051233 [debug] [Thread-3 (]: Began running node model.nyc_taxi.stg_trip
[0m21:48:14.049830 [debug] [Thread-4 (]: Began executing node model.nyc_taxi.stg_time
[0m21:48:14.052854 [debug] [Thread-3 (]: Re-using an available connection from the pool (formerly model.nyc_taxi.stg_rate, now model.nyc_taxi.stg_trip)
[0m21:48:14.054256 [debug] [Thread-2 (]: Began executing node model.nyc_taxi.stg_payment
[0m21:48:14.056297 [debug] [Thread-4 (]: Finished running node model.nyc_taxi.stg_time
[0m21:48:14.057465 [debug] [Thread-3 (]: Began compiling node model.nyc_taxi.stg_trip
[0m21:48:14.058356 [debug] [Thread-1 (]: Began executing node model.nyc_taxi.stg_location
[0m21:48:14.060326 [debug] [Thread-2 (]: Finished running node model.nyc_taxi.stg_payment
[0m21:48:14.061562 [debug] [Thread-4 (]: Began running node model.nyc_taxi.stg_vendor
[0m21:48:14.070865 [debug] [Thread-3 (]: Writing injected SQL for node "model.nyc_taxi.stg_trip"
[0m21:48:14.072935 [debug] [Thread-1 (]: Finished running node model.nyc_taxi.stg_location
[0m21:48:14.073643 [debug] [Thread-4 (]: Re-using an available connection from the pool (formerly model.nyc_taxi.stg_time, now model.nyc_taxi.stg_vendor)
[0m21:48:14.075004 [debug] [Thread-4 (]: Began compiling node model.nyc_taxi.stg_vendor
[0m21:48:14.082249 [debug] [Thread-4 (]: Writing injected SQL for node "model.nyc_taxi.stg_vendor"
[0m21:48:14.084790 [debug] [Thread-3 (]: Began executing node model.nyc_taxi.stg_trip
[0m21:48:14.089168 [debug] [Thread-3 (]: Finished running node model.nyc_taxi.stg_trip
[0m21:48:14.090740 [debug] [Thread-4 (]: Began executing node model.nyc_taxi.stg_vendor
[0m21:48:14.093539 [debug] [Thread-4 (]: Finished running node model.nyc_taxi.stg_vendor
[0m21:48:14.098923 [debug] [MainThread]: Connection 'master' was properly closed.
[0m21:48:14.101495 [debug] [MainThread]: Connection 'list_postgres_public_staging' was properly closed.
[0m21:48:14.102511 [debug] [MainThread]: Connection 'model.nyc_taxi.stg_trip' was properly closed.
[0m21:48:14.103384 [debug] [MainThread]: Connection 'model.nyc_taxi.stg_location' was properly closed.
[0m21:48:14.104172 [debug] [MainThread]: Connection 'model.nyc_taxi.stg_vendor' was properly closed.
[0m21:48:14.105015 [debug] [MainThread]: Connection 'model.nyc_taxi.stg_payment' was properly closed.
[0m21:48:14.111557 [debug] [MainThread]: Command end result
[0m21:48:14.207681 [debug] [MainThread]: Wrote artifact WritableManifest to dbt\target\manifest.json
[0m21:48:14.214930 [debug] [MainThread]: Wrote artifact SemanticManifest to dbt\target\semantic_manifest.json
[0m21:48:14.225141 [debug] [MainThread]: Wrote artifact OsiDocument to dbt\target\osi_document.json
[0m21:48:14.246808 [debug] [MainThread]: Wrote artifact RunExecutionResult to dbt\target\run_results.json
[0m21:48:14.248417 [debug] [MainThread]: Command `dbt compile` succeeded at 21:48:14.248146 after 2.89 seconds
[0m21:48:14.249329 [debug] [MainThread]: Sending event: {'category': 'dbt', 'action': 'invocation', 'label': 'end', 'context': [<snowplow_tracker.self_describing_json.SelfDescribingJson object at 0x00000236BC7BA390>, <snowplow_tracker.self_describing_json.SelfDescribingJson object at 0x00000236BC99F750>, <snowplow_tracker.self_describing_json.SelfDescribingJson object at 0x00000236BC99DC80>]}
[0m21:48:14.250283 [debug] [MainThread]: Flushing usage events
[0m21:48:15.415600 [debug] [MainThread]: An error was encountered while trying to flush usage events
[0m21:53:26.465199 [debug] [MainThread]: Sending event: {'category': 'dbt', 'action': 'invocation', 'label': 'start', 'context': [<snowplow_tracker.self_describing_json.SelfDescribingJson object at 0x00000212B57B0590>, <snowplow_tracker.self_describing_json.SelfDescribingJson object at 0x00000212B2D48B90>, <snowplow_tracker.self_describing_json.SelfDescribingJson object at 0x00000212B7D43890>]}


============================== 21:53:26.468254 | 2400f143-0f34-4116-b3a7-bff481b3ca08 ==============================
[0m21:53:26.468254 [info ] [MainThread]: Running with dbt=1.12.0
[0m21:53:26.470000 [debug] [MainThread]: running dbt with arguments {'version_check': 'True', 'no_print': 'None', 'static_parser': 'True', 'target_path': 'None', 'maximum_seed_size_mib': '1', 'warn_error_options': 'WarnErrorOptionsV2(error=[], warn=[], silence=[])', 'printer_width': '80', 'write_json': 'True', 'introspect': 'True', 'log_cache_events': 'False', 'empty': 'False', 'cache_selected_only': 'False', 'fail_fast': 'False', 'debug': 'False', 'log_format': 'default', 'partial_parse': 'True', 'send_anonymous_usage_stats': 'True', 'quiet': 'False', 'warn_error': 'None', 'profiles_dir': 'dbt', 'use_colors': 'True', 'hints_enabled': 'True', 'indirect_selection': 'eager', 'use_experimental_parser': 'False', 'invocation_command': 'dbt run --select stg_trip --project-dir dbt --profiles-dir dbt', 'log_path': 'dbt\\logs'}
[0m21:53:26.599029 [debug] [MainThread]: Sending event: {'category': 'dbt', 'action': 'project_id', 'label': '2400f143-0f34-4116-b3a7-bff481b3ca08', 'context': [<snowplow_tracker.self_describing_json.SelfDescribingJson object at 0x00000212B7CC2B10>]}
[0m21:53:26.650298 [debug] [MainThread]: Sending event: {'category': 'dbt', 'action': 'adapter_info', 'label': '2400f143-0f34-4116-b3a7-bff481b3ca08', 'context': [<snowplow_tracker.self_describing_json.SelfDescribingJson object at 0x00000212B2CBBF00>]}
[0m21:53:26.651260 [info ] [MainThread]: Registered adapter: postgres=1.11.0
[0m21:53:26.774416 [debug] [MainThread]: checksum: d266517bde050d9204aee05e09a0f60d0aff1ba26c776ccef1af446d5bccf069, vars: {}, profile: nyc_taxi, target: dev, version: 1.12.0
[0m21:53:26.877413 [debug] [MainThread]: Partial parsing enabled: 0 files deleted, 0 files added, 0 files changed.
[0m21:53:26.877726 [debug] [MainThread]: Nothing changed, skipping partial parsing.
[0m21:53:26.877924 [debug] [MainThread]: Partial parsing enabled, no changes found, skipping parsing
[0m21:53:26.882330 [warn ] [MainThread]: [[33mWARNING[0m]: Configuration paths exist in your dbt_project.yml file which do not apply to any resources.
There are 2 unused configuration paths:
- models.nyc_taxi.intermediate
- models.nyc_taxi.marts
[0m21:53:26.885641 [debug] [MainThread]: Sending event: {'category': 'dbt', 'action': 'load_project', 'label': '2400f143-0f34-4116-b3a7-bff481b3ca08', 'context': [<snowplow_tracker.self_describing_json.SelfDescribingJson object at 0x00000212B8531050>]}
[0m21:53:26.959415 [debug] [MainThread]: Wrote artifact WritableManifest to dbt\target\manifest.json
[0m21:53:26.961615 [debug] [MainThread]: Wrote artifact SemanticManifest to dbt\target\semantic_manifest.json
[0m21:53:26.975487 [debug] [MainThread]: Wrote artifact OsiDocument to dbt\target\osi_document.json
[0m21:53:26.983918 [debug] [MainThread]: Sending event: {'category': 'dbt', 'action': 'resource_counts', 'label': '2400f143-0f34-4116-b3a7-bff481b3ca08', 'context': [<snowplow_tracker.self_describing_json.SelfDescribingJson object at 0x00000212B85A18B0>]}
[0m21:53:26.984293 [info ] [MainThread]: Found 6 models, 6 sources, 477 macros
[0m21:53:26.984620 [debug] [MainThread]: Sending event: {'category': 'dbt', 'action': 'runnable_timing', 'label': '2400f143-0f34-4116-b3a7-bff481b3ca08', 'context': [<snowplow_tracker.self_describing_json.SelfDescribingJson object at 0x00000212B85F8830>]}
[0m21:53:26.985972 [info ] [MainThread]: 
[0m21:53:26.986332 [info ] [MainThread]: Concurrency: 4 threads (target='dev')
[0m21:53:26.986574 [info ] [MainThread]: 
[0m21:53:26.986947 [debug] [MainThread]: Acquiring new postgres connection 'master'
[0m21:53:26.987717 [debug] [ThreadPool]: Acquiring new postgres connection 'list_postgres'
[0m21:53:27.023429 [debug] [ThreadPool]: Using postgres connection "list_postgres"
[0m21:53:27.023739 [debug] [ThreadPool]: On list_postgres: /* {"app": "dbt", "dbt_version": "1.12.0", "profile_name": "nyc_taxi", "target_name": "dev", "connection_name": "list_postgres"} */

    select distinct nspname from pg_namespace
  
[0m21:53:27.023937 [debug] [ThreadPool]: Opening a new connection, currently in state init
[0m21:53:27.663390 [debug] [ThreadPool]: SQL status: SELECT 115 in 0.639 seconds
[0m21:53:27.666242 [debug] [ThreadPool]: On list_postgres: Close
[0m21:53:27.675398 [debug] [ThreadPool]: Acquiring new postgres connection 'list_postgres_public_staging'
[0m21:53:27.684481 [debug] [ThreadPool]: Using postgres connection "list_postgres_public_staging"
[0m21:53:27.685082 [debug] [ThreadPool]: On list_postgres_public_staging: /* {"app": "dbt", "dbt_version": "1.12.0", "profile_name": "nyc_taxi", "target_name": "dev", "connection_name": "list_postgres_public_staging"} */
select
      'postgres' as database,
      tablename as name,
      schemaname as schema,
      'table' as type
    from pg_tables
    where schemaname ilike 'public_staging'
    union all
    select
      'postgres' as database,
      viewname as name,
      schemaname as schema,
      'view' as type
    from pg_views
    where schemaname ilike 'public_staging'
    union all
    select
      'postgres' as database,
      matviewname as name,
      schemaname as schema,
      'materialized_view' as type
    from pg_matviews
    where schemaname ilike 'public_staging'
    union all
    select distinct
     'postgres' as database,
     proname as name,
     ns.nspname as schema,
     'function' as type
    from pg_proc
     join pg_namespace as ns on pronamespace = ns.oid
    where ns.nspname ilike 'public_staging'
  
[0m21:53:27.685524 [debug] [ThreadPool]: Opening a new connection, currently in state init
[0m21:53:28.235462 [debug] [ThreadPool]: SQL status: SELECT 6 in 0.550 seconds
[0m21:53:28.240026 [debug] [ThreadPool]: On list_postgres_public_staging: ROLLBACK
[0m21:53:28.298535 [debug] [ThreadPool]: On list_postgres_public_staging: Close
[0m21:53:28.309883 [debug] [MainThread]: Using postgres connection "master"
[0m21:53:28.310625 [debug] [MainThread]: On master: /* {"app": "dbt", "dbt_version": "1.12.0", "profile_name": "nyc_taxi", "target_name": "dev", "connection_name": "master"} */
select distinct
        dependent_namespace.nspname as dependent_schema,
        dependent_class.relname as dependent_name,
        referenced_namespace.nspname as referenced_schema,
        referenced_class.relname as referenced_name

    -- Query for views: views are entries in pg_class with an entry in pg_rewrite, but we avoid
    -- a seq scan on pg_rewrite by leveraging the fact there is an "internal" row in pg_depend for
    -- the view...
    from pg_class as dependent_class
    join pg_namespace as dependent_namespace on dependent_namespace.oid = dependent_class.relnamespace
    join pg_depend as dependent_depend on dependent_depend.refobjid = dependent_class.oid
        and dependent_depend.classid = 'pg_rewrite'::regclass
        and dependent_depend.refclassid = 'pg_class'::regclass
        and dependent_depend.deptype = 'i'

    -- ... and via pg_depend (that has a row per column, hence the need for "distinct" above, and
    -- making sure to exclude the internal row to avoid a view appearing to depend on itself)...
    join pg_depend as joining_depend on joining_depend.objid = dependent_depend.objid
        and joining_depend.classid = 'pg_rewrite'::regclass
        and joining_depend.refclassid = 'pg_class'::regclass
        and joining_depend.refobjid != dependent_depend.refobjid

    -- ... we can find the tables they query from in pg_class, but excluding system tables. Note we
    -- don't need need to exclude _dependent_ system tables, because they only query from other
    -- system tables, and so are automatically excluded by excluding _referenced_ system tables
    join pg_class as referenced_class on referenced_class.oid = joining_depend.refobjid
    join pg_namespace as referenced_namespace on referenced_namespace.oid = referenced_class.relnamespace
        and referenced_namespace.nspname != 'information_schema'
        and referenced_namespace.nspname not like 'pg\_%'

    order by
        dependent_schema, dependent_name, referenced_schema, referenced_name;
[0m21:53:28.311307 [debug] [MainThread]: Opening a new connection, currently in state init
[0m21:53:28.958995 [debug] [MainThread]: SQL status: SELECT 7 in 0.647 seconds
[0m21:53:28.962947 [debug] [MainThread]: Sending event: {'category': 'dbt', 'action': 'runnable_timing', 'label': '2400f143-0f34-4116-b3a7-bff481b3ca08', 'context': [<snowplow_tracker.self_describing_json.SelfDescribingJson object at 0x00000212B88D42C0>]}
[0m21:53:28.963995 [debug] [MainThread]: On master: ROLLBACK
[0m21:53:29.033193 [debug] [MainThread]: On master: COMMIT
[0m21:53:29.034006 [debug] [MainThread]: Using postgres connection "master"
[0m21:53:29.034700 [debug] [MainThread]: On master: COMMIT
[0m21:53:29.170193 [debug] [MainThread]: SQL status: COMMIT in 0.135 seconds
[0m21:53:29.172346 [debug] [MainThread]: On master: Close
[0m21:53:29.182069 [debug] [Thread-1 (]: Began running node model.nyc_taxi.stg_trip
[0m21:53:29.183225 [info ] [Thread-1 (]: 1 of 1 START sql view model public_staging.stg_trip ............................ [RUN]
[0m21:53:29.185218 [debug] [Thread-1 (]: Acquiring new postgres connection 'model.nyc_taxi.stg_trip'
[0m21:53:29.186300 [debug] [Thread-1 (]: Began compiling node model.nyc_taxi.stg_trip
[0m21:53:29.203769 [debug] [Thread-1 (]: Writing injected SQL for node "model.nyc_taxi.stg_trip"
[0m21:53:29.206382 [debug] [Thread-1 (]: Began executing node model.nyc_taxi.stg_trip
[0m21:53:29.283996 [debug] [Thread-1 (]: Writing runtime sql for node "model.nyc_taxi.stg_trip"
[0m21:53:29.286246 [debug] [Thread-1 (]: Using postgres connection "model.nyc_taxi.stg_trip"
[0m21:53:29.287098 [debug] [Thread-1 (]: On model.nyc_taxi.stg_trip: /* {"app": "dbt", "dbt_version": "1.12.0", "profile_name": "nyc_taxi", "target_name": "dev", "node_id": "model.nyc_taxi.stg_trip"} */

  create view "postgres"."public_staging"."stg_trip__dbt_tmp"
    
    
  as (
    with source as (
    select * from "postgres"."public"."fact_trip"
)

select
    trip_id,
    vendor_key,
    pickup_time_key,
    dropoff_time_key,
    pickup_location_key,
    dropoff_location_key,
    payment_key,
    rate_key,
    passenger_count,
    trip_distance,
    trip_duration_min,
    fare_amount,
    tip_amount,
    tip_ratio,
    total_amount
from source
where trip_duration_min > 0
  and trip_distance > 0
  and total_amount > 0
  );
[0m21:53:29.287848 [debug] [Thread-1 (]: Opening a new connection, currently in state init
[0m21:53:29.914639 [debug] [Thread-1 (]: SQL status: CREATE VIEW in 0.626 seconds
[0m21:53:29.926716 [debug] [Thread-1 (]: Using postgres connection "model.nyc_taxi.stg_trip"
[0m21:53:29.927422 [debug] [Thread-1 (]: On model.nyc_taxi.stg_trip: /* {"app": "dbt", "dbt_version": "1.12.0", "profile_name": "nyc_taxi", "target_name": "dev", "node_id": "model.nyc_taxi.stg_trip"} */
alter table "postgres"."public_staging"."stg_trip" rename to "stg_trip__dbt_backup"
[0m21:53:29.988851 [debug] [Thread-1 (]: SQL status: ALTER TABLE in 0.060 seconds
[0m21:53:29.994128 [debug] [Thread-1 (]: Using postgres connection "model.nyc_taxi.stg_trip"
[0m21:53:29.995234 [debug] [Thread-1 (]: On model.nyc_taxi.stg_trip: /* {"app": "dbt", "dbt_version": "1.12.0", "profile_name": "nyc_taxi", "target_name": "dev", "node_id": "model.nyc_taxi.stg_trip"} */
alter table "postgres"."public_staging"."stg_trip__dbt_tmp" rename to "stg_trip"
[0m21:53:30.060492 [debug] [Thread-1 (]: SQL status: ALTER TABLE in 0.064 seconds
[0m21:53:30.112056 [debug] [Thread-1 (]: On model.nyc_taxi.stg_trip: COMMIT
[0m21:53:30.113752 [debug] [Thread-1 (]: Using postgres connection "model.nyc_taxi.stg_trip"
[0m21:53:30.114663 [debug] [Thread-1 (]: On model.nyc_taxi.stg_trip: COMMIT
[0m21:53:30.176755 [debug] [Thread-1 (]: SQL status: COMMIT in 0.061 seconds
[0m21:53:30.188037 [debug] [Thread-1 (]: Applying DROP to: "postgres"."public_staging"."stg_trip__dbt_backup"
[0m21:53:30.196168 [debug] [Thread-1 (]: Using postgres connection "model.nyc_taxi.stg_trip"
[0m21:53:30.196966 [debug] [Thread-1 (]: On model.nyc_taxi.stg_trip: /* {"app": "dbt", "dbt_version": "1.12.0", "profile_name": "nyc_taxi", "target_name": "dev", "node_id": "model.nyc_taxi.stg_trip"} */
drop view if exists "postgres"."public_staging"."stg_trip__dbt_backup" cascade
[0m21:53:30.264924 [debug] [Thread-1 (]: SQL status: DROP VIEW in 0.067 seconds
[0m21:53:30.270667 [debug] [Thread-1 (]: On model.nyc_taxi.stg_trip: Close
[0m21:53:30.274708 [debug] [Thread-1 (]: Sending event: {'category': 'dbt', 'action': 'run_model', 'label': '2400f143-0f34-4116-b3a7-bff481b3ca08', 'context': [<snowplow_tracker.self_describing_json.SelfDescribingJson object at 0x00000212B85AB050>]}
[0m21:53:30.276441 [info ] [Thread-1 (]: 1 of 1 OK created sql view model public_staging.stg_trip ....................... [[32mCREATE VIEW[0m in 1.09s]
[0m21:53:30.278628 [debug] [Thread-1 (]: Finished running node model.nyc_taxi.stg_trip
[0m21:53:30.282191 [debug] [MainThread]: On master: COMMIT
[0m21:53:30.282922 [debug] [MainThread]: Using postgres connection "master"
[0m21:53:30.283552 [debug] [MainThread]: On master: COMMIT
[0m21:53:30.284262 [debug] [MainThread]: Opening a new connection, currently in state closed
[0m21:53:30.800093 [debug] [MainThread]: SQL status: COMMIT in 0.516 seconds
[0m21:53:30.801100 [debug] [MainThread]: On master: Close
[0m21:53:30.802730 [debug] [MainThread]: Connection 'master' was properly closed.
[0m21:53:30.803501 [debug] [MainThread]: Connection 'list_postgres' was properly closed.
[0m21:53:30.804168 [debug] [MainThread]: Connection 'list_postgres_public_staging' was properly closed.
[0m21:53:30.805183 [debug] [MainThread]: Connection 'model.nyc_taxi.stg_trip' was properly closed.
[0m21:53:30.806007 [info ] [MainThread]: 
[0m21:53:30.807141 [info ] [MainThread]: Finished running 1 view model in 0 hours 0 minutes and 3.82 seconds (3.82s).
[0m21:53:30.809319 [debug] [MainThread]: Command end result
[0m21:53:30.880820 [debug] [MainThread]: Wrote artifact WritableManifest to dbt\target\manifest.json
[0m21:53:30.887771 [debug] [MainThread]: Wrote artifact SemanticManifest to dbt\target\semantic_manifest.json
[0m21:53:30.894352 [debug] [MainThread]: Wrote artifact OsiDocument to dbt\target\osi_document.json
[0m21:53:30.910353 [debug] [MainThread]: Wrote artifact RunExecutionResult to dbt\target\run_results.json
[0m21:53:30.911198 [info ] [MainThread]: 
[0m21:53:30.912620 [info ] [MainThread]: [32mCompleted successfully[0m
[0m21:53:30.913716 [info ] [MainThread]: 
[0m21:53:30.914846 [info ] [MainThread]: Done. PASS=1 WARN=0 ERROR=0 SKIP=0 NO-OP=0 REUSED=0 TOTAL=1
[0m21:53:30.917771 [debug] [MainThread]: Command `dbt run` succeeded at 21:53:30.917371 after 4.65 seconds
[0m21:53:30.918843 [debug] [MainThread]: Sending event: {'category': 'dbt', 'action': 'invocation', 'label': 'end', 'context': [<snowplow_tracker.self_describing_json.SelfDescribingJson object at 0x00000212B895D390>, <snowplow_tracker.self_describing_json.SelfDescribingJson object at 0x00000212B15BD270>, <snowplow_tracker.self_describing_json.SelfDescribingJson object at 0x00000212B85F02D0>]}
[0m21:53:30.919691 [debug] [MainThread]: Flushing usage events
[0m21:53:32.169322 [debug] [MainThread]: An error was encountered while trying to flush usage events
[0m21:53:39.202798 [debug] [MainThread]: Sending event: {'category': 'dbt', 'action': 'invocation', 'label': 'start', 'context': [<snowplow_tracker.self_describing_json.SelfDescribingJson object at 0x000001E6130B0590>, <snowplow_tracker.self_describing_json.SelfDescribingJson object at 0x000001E610628B90>, <snowplow_tracker.self_describing_json.SelfDescribingJson object at 0x000001E615643890>]}


============================== 21:53:39.205746 | 03a4babc-1b30-4484-acb0-33ca1d3e1a78 ==============================
[0m21:53:39.205746 [info ] [MainThread]: Running with dbt=1.12.0
[0m21:53:39.206411 [debug] [MainThread]: running dbt with arguments {'static_parser': 'True', 'no_print': 'None', 'version_check': 'True', 'target_path': 'None', 'warn_error_options': 'WarnErrorOptionsV2(error=[], warn=[], silence=[])', 'maximum_seed_size_mib': '1', 'printer_width': '80', 'write_json': 'True', 'empty': 'None', 'log_cache_events': 'False', 'introspect': 'True', 'cache_selected_only': 'False', 'fail_fast': 'False', 'debug': 'False', 'log_format': 'default', 'profiles_dir': 'dbt', 'send_anonymous_usage_stats': 'True', 'quiet': 'False', 'warn_error': 'None', 'partial_parse': 'True', 'invocation_command': 'dbt test --select stg_trip --project-dir dbt --profiles-dir dbt', 'hints_enabled': 'True', 'use_colors': 'True', 'use_experimental_parser': 'False', 'indirect_selection': 'eager', 'log_path': 'dbt\\logs'}
[0m21:53:39.332661 [debug] [MainThread]: Sending event: {'category': 'dbt', 'action': 'project_id', 'label': '03a4babc-1b30-4484-acb0-33ca1d3e1a78', 'context': [<snowplow_tracker.self_describing_json.SelfDescribingJson object at 0x000001E6155C2B10>]}
[0m21:53:39.380979 [debug] [MainThread]: Sending event: {'category': 'dbt', 'action': 'adapter_info', 'label': '03a4babc-1b30-4484-acb0-33ca1d3e1a78', 'context': [<snowplow_tracker.self_describing_json.SelfDescribingJson object at 0x000001E61058BF00>]}
[0m21:53:39.381844 [info ] [MainThread]: Registered adapter: postgres=1.11.0
[0m21:53:39.497015 [debug] [MainThread]: checksum: d266517bde050d9204aee05e09a0f60d0aff1ba26c776ccef1af446d5bccf069, vars: {}, profile: nyc_taxi, target: dev, version: 1.12.0
[0m21:53:39.581208 [debug] [MainThread]: Partial parsing enabled: 0 files deleted, 0 files added, 0 files changed.
[0m21:53:39.581546 [debug] [MainThread]: Nothing changed, skipping partial parsing.
[0m21:53:39.581741 [debug] [MainThread]: Partial parsing enabled, no changes found, skipping parsing
[0m21:53:39.585715 [warn ] [MainThread]: [[33mWARNING[0m]: Configuration paths exist in your dbt_project.yml file which do not apply to any resources.
There are 2 unused configuration paths:
- models.nyc_taxi.marts
- models.nyc_taxi.intermediate
[0m21:53:39.590445 [debug] [MainThread]: Sending event: {'category': 'dbt', 'action': 'load_project', 'label': '03a4babc-1b30-4484-acb0-33ca1d3e1a78', 'context': [<snowplow_tracker.self_describing_json.SelfDescribingJson object at 0x000001E615DA1050>]}
[0m21:53:39.707274 [debug] [MainThread]: Wrote artifact WritableManifest to dbt\target\manifest.json
[0m21:53:39.709822 [debug] [MainThread]: Wrote artifact SemanticManifest to dbt\target\semantic_manifest.json
[0m21:53:39.725021 [debug] [MainThread]: Wrote artifact OsiDocument to dbt\target\osi_document.json
[0m21:53:39.740007 [debug] [MainThread]: Sending event: {'category': 'dbt', 'action': 'resource_counts', 'label': '03a4babc-1b30-4484-acb0-33ca1d3e1a78', 'context': [<snowplow_tracker.self_describing_json.SelfDescribingJson object at 0x000001E615C3F980>]}
[0m21:53:39.740425 [info ] [MainThread]: Found 6 models, 6 sources, 477 macros
[0m21:53:39.742499 [debug] [MainThread]: Sending event: {'category': 'dbt', 'action': 'runnable_timing', 'label': '03a4babc-1b30-4484-acb0-33ca1d3e1a78', 'context': [<snowplow_tracker.self_describing_json.SelfDescribingJson object at 0x000001E615EF4BB0>]}
[0m21:53:39.744313 [warn ] [MainThread]: [[33mWARNING[0m]: Nothing to do. Try checking your model configs and model specification args
[0m21:53:39.748445 [debug] [MainThread]: Command end result
[0m21:53:39.777633 [debug] [MainThread]: Wrote artifact WritableManifest to dbt\target\manifest.json
[0m21:53:39.780140 [debug] [MainThread]: Wrote artifact SemanticManifest to dbt\target\semantic_manifest.json
[0m21:53:39.782633 [debug] [MainThread]: Wrote artifact OsiDocument to dbt\target\osi_document.json
[0m21:53:39.785506 [debug] [MainThread]: Wrote artifact RunExecutionResult to dbt\target\run_results.json
[0m21:53:39.786117 [debug] [MainThread]: Command `dbt test` succeeded at 21:53:39.786013 after 0.75 seconds
[0m21:53:39.786406 [debug] [MainThread]: Sending event: {'category': 'dbt', 'action': 'invocation', 'label': 'end', 'context': [<snowplow_tracker.self_describing_json.SelfDescribingJson object at 0x000001E615455980>, <snowplow_tracker.self_describing_json.SelfDescribingJson object at 0x000001E615E17E90>, <snowplow_tracker.self_describing_json.SelfDescribingJson object at 0x000001E615E17AD0>]}
[0m21:53:39.786670 [debug] [MainThread]: Flushing usage events
[0m21:53:40.850317 [debug] [MainThread]: An error was encountered while trying to flush usage events
[0m21:54:07.323399 [debug] [MainThread]: Sending event: {'category': 'dbt', 'action': 'invocation', 'label': 'start', 'context': [<snowplow_tracker.self_describing_json.SelfDescribingJson object at 0x0000028C29A30590>, <snowplow_tracker.self_describing_json.SelfDescribingJson object at 0x0000028C26FACB90>, <snowplow_tracker.self_describing_json.SelfDescribingJson object at 0x0000028C2BFC3890>]}


============================== 21:54:07.326333 | ce45f5cc-7673-4207-96b5-d3e0c76cc70a ==============================
[0m21:54:07.326333 [info ] [MainThread]: Running with dbt=1.12.0
[0m21:54:07.327233 [debug] [MainThread]: running dbt with arguments {'version_check': 'True', 'no_print': 'None', 'static_parser': 'True', 'target_path': 'None', 'warn_error_options': 'WarnErrorOptionsV2(error=[], warn=[], silence=[])', 'maximum_seed_size_mib': '1', 'printer_width': '80', 'write_json': 'True', 'introspect': 'True', 'log_cache_events': 'False', 'empty': 'None', 'cache_selected_only': 'False', 'log_format': 'default', 'debug': 'False', 'fail_fast': 'False', 'partial_parse': 'True', 'send_anonymous_usage_stats': 'True', 'quiet': 'False', 'warn_error': 'None', 'profiles_dir': 'dbt', 'invocation_command': 'dbt test --select stg_trip --project-dir dbt --profiles-dir dbt', 'hints_enabled': 'True', 'indirect_selection': 'eager', 'use_experimental_parser': 'False', 'use_colors': 'True', 'log_path': 'dbt\\logs'}
[0m21:54:07.457715 [debug] [MainThread]: Sending event: {'category': 'dbt', 'action': 'project_id', 'label': 'ce45f5cc-7673-4207-96b5-d3e0c76cc70a', 'context': [<snowplow_tracker.self_describing_json.SelfDescribingJson object at 0x0000028C2BF42B10>]}
[0m21:54:07.512595 [debug] [MainThread]: Sending event: {'category': 'dbt', 'action': 'adapter_info', 'label': 'ce45f5cc-7673-4207-96b5-d3e0c76cc70a', 'context': [<snowplow_tracker.self_describing_json.SelfDescribingJson object at 0x0000028C26F0BF00>]}
[0m21:54:07.513717 [info ] [MainThread]: Registered adapter: postgres=1.11.0
[0m21:54:07.647482 [debug] [MainThread]: checksum: d266517bde050d9204aee05e09a0f60d0aff1ba26c776ccef1af446d5bccf069, vars: {}, profile: nyc_taxi, target: dev, version: 1.12.0
[0m21:54:07.746579 [debug] [MainThread]: Partial parsing enabled: 0 files deleted, 1 files added, 0 files changed.
[0m21:54:07.747036 [debug] [MainThread]: Partial parsing: added file: nyc_taxi://models\staging\_stg_models.yml
[0m21:54:08.072720 [warn ] [MainThread]: [[33mWARNING[0m]: Configuration paths exist in your dbt_project.yml file which do not apply to any resources.
There are 2 unused configuration paths:
- models.nyc_taxi.marts
- models.nyc_taxi.intermediate
[0m21:54:08.076409 [debug] [MainThread]: Sending event: {'category': 'dbt', 'action': 'load_project', 'label': 'ce45f5cc-7673-4207-96b5-d3e0c76cc70a', 'context': [<snowplow_tracker.self_describing_json.SelfDescribingJson object at 0x0000028C2C6F9050>]}
[0m21:54:08.158239 [debug] [MainThread]: Wrote artifact WritableManifest to dbt\target\manifest.json
[0m21:54:08.161606 [debug] [MainThread]: Wrote artifact SemanticManifest to dbt\target\semantic_manifest.json
[0m21:54:08.175956 [debug] [MainThread]: Wrote artifact OsiDocument to dbt\target\osi_document.json
[0m21:54:08.191300 [debug] [MainThread]: Sending event: {'category': 'dbt', 'action': 'resource_counts', 'label': 'ce45f5cc-7673-4207-96b5-d3e0c76cc70a', 'context': [<snowplow_tracker.self_describing_json.SelfDescribingJson object at 0x0000028C2C9BA7B0>]}
[0m21:54:08.191686 [info ] [MainThread]: Found 6 models, 2 data tests, 6 sources, 477 macros
[0m21:54:08.192107 [debug] [MainThread]: Sending event: {'category': 'dbt', 'action': 'runnable_timing', 'label': 'ce45f5cc-7673-4207-96b5-d3e0c76cc70a', 'context': [<snowplow_tracker.self_describing_json.SelfDescribingJson object at 0x0000028C2CAEE970>]}
[0m21:54:08.193382 [info ] [MainThread]: 
[0m21:54:08.193855 [info ] [MainThread]: Concurrency: 4 threads (target='dev')
[0m21:54:08.194187 [info ] [MainThread]: 
[0m21:54:08.194670 [debug] [MainThread]: Acquiring new postgres connection 'master'
[0m21:54:08.197955 [debug] [ThreadPool]: Acquiring new postgres connection 'list_postgres_public_staging'
[0m21:54:08.236186 [debug] [ThreadPool]: Using postgres connection "list_postgres_public_staging"
[0m21:54:08.236551 [debug] [ThreadPool]: On list_postgres_public_staging: /* {"app": "dbt", "dbt_version": "1.12.0", "profile_name": "nyc_taxi", "target_name": "dev", "connection_name": "list_postgres_public_staging"} */
select
      'postgres' as database,
      tablename as name,
      schemaname as schema,
      'table' as type
    from pg_tables
    where schemaname ilike 'public_staging'
    union all
    select
      'postgres' as database,
      viewname as name,
      schemaname as schema,
      'view' as type
    from pg_views
    where schemaname ilike 'public_staging'
    union all
    select
      'postgres' as database,
      matviewname as name,
      schemaname as schema,
      'materialized_view' as type
    from pg_matviews
    where schemaname ilike 'public_staging'
    union all
    select distinct
     'postgres' as database,
     proname as name,
     ns.nspname as schema,
     'function' as type
    from pg_proc
     join pg_namespace as ns on pronamespace = ns.oid
    where ns.nspname ilike 'public_staging'
  
[0m21:54:08.236835 [debug] [ThreadPool]: Opening a new connection, currently in state init
[0m21:54:08.914627 [debug] [ThreadPool]: SQL status: SELECT 6 in 0.678 seconds
[0m21:54:08.915953 [debug] [ThreadPool]: On list_postgres_public_staging: ROLLBACK
[0m21:54:08.977563 [debug] [ThreadPool]: On list_postgres_public_staging: Close
[0m21:54:08.989265 [debug] [MainThread]: Using postgres connection "master"
[0m21:54:08.990434 [debug] [MainThread]: On master: /* {"app": "dbt", "dbt_version": "1.12.0", "profile_name": "nyc_taxi", "target_name": "dev", "connection_name": "master"} */
select distinct
        dependent_namespace.nspname as dependent_schema,
        dependent_class.relname as dependent_name,
        referenced_namespace.nspname as referenced_schema,
        referenced_class.relname as referenced_name

    -- Query for views: views are entries in pg_class with an entry in pg_rewrite, but we avoid
    -- a seq scan on pg_rewrite by leveraging the fact there is an "internal" row in pg_depend for
    -- the view...
    from pg_class as dependent_class
    join pg_namespace as dependent_namespace on dependent_namespace.oid = dependent_class.relnamespace
    join pg_depend as dependent_depend on dependent_depend.refobjid = dependent_class.oid
        and dependent_depend.classid = 'pg_rewrite'::regclass
        and dependent_depend.refclassid = 'pg_class'::regclass
        and dependent_depend.deptype = 'i'

    -- ... and via pg_depend (that has a row per column, hence the need for "distinct" above, and
    -- making sure to exclude the internal row to avoid a view appearing to depend on itself)...
    join pg_depend as joining_depend on joining_depend.objid = dependent_depend.objid
        and joining_depend.classid = 'pg_rewrite'::regclass
        and joining_depend.refclassid = 'pg_class'::regclass
        and joining_depend.refobjid != dependent_depend.refobjid

    -- ... we can find the tables they query from in pg_class, but excluding system tables. Note we
    -- don't need need to exclude _dependent_ system tables, because they only query from other
    -- system tables, and so are automatically excluded by excluding _referenced_ system tables
    join pg_class as referenced_class on referenced_class.oid = joining_depend.refobjid
    join pg_namespace as referenced_namespace on referenced_namespace.oid = referenced_class.relnamespace
        and referenced_namespace.nspname != 'information_schema'
        and referenced_namespace.nspname not like 'pg\_%'

    order by
        dependent_schema, dependent_name, referenced_schema, referenced_name;
[0m21:54:08.991386 [debug] [MainThread]: Opening a new connection, currently in state init
[0m21:54:09.605876 [debug] [MainThread]: SQL status: SELECT 7 in 0.614 seconds
[0m21:54:09.609538 [debug] [MainThread]: Sending event: {'category': 'dbt', 'action': 'runnable_timing', 'label': 'ce45f5cc-7673-4207-96b5-d3e0c76cc70a', 'context': [<snowplow_tracker.self_describing_json.SelfDescribingJson object at 0x0000028C2CDC8EF0>]}
[0m21:54:09.610702 [debug] [MainThread]: On master: ROLLBACK
[0m21:54:09.675653 [debug] [MainThread]: On master: COMMIT
[0m21:54:09.676796 [debug] [MainThread]: Using postgres connection "master"
[0m21:54:09.677430 [debug] [MainThread]: On master: COMMIT
[0m21:54:09.806753 [debug] [MainThread]: SQL status: COMMIT in 0.128 seconds
[0m21:54:09.808408 [debug] [MainThread]: On master: Close
[0m21:54:09.818365 [debug] [Thread-2 (]: Began running node test.nyc_taxi.unique_stg_trip_trip_id.ed3fd31a0e
[0m21:54:09.820132 [debug] [Thread-1 (]: Began running node test.nyc_taxi.not_null_stg_trip_trip_id.4a9f752229
[0m21:54:09.819385 [info ] [Thread-2 (]: 2 of 2 START test unique_stg_trip_trip_id ...................................... [RUN]
[0m21:54:09.822884 [debug] [Thread-2 (]: Acquiring new postgres connection 'test.nyc_taxi.unique_stg_trip_trip_id.ed3fd31a0e'
[0m21:54:09.823710 [debug] [Thread-2 (]: Began compiling node test.nyc_taxi.unique_stg_trip_trip_id.ed3fd31a0e
[0m21:54:09.821059 [info ] [Thread-1 (]: 1 of 2 START test not_null_stg_trip_trip_id .................................... [RUN]
[0m21:54:09.862238 [debug] [Thread-1 (]: Acquiring new postgres connection 'test.nyc_taxi.not_null_stg_trip_trip_id.4a9f752229'
[0m21:54:09.860918 [debug] [Thread-2 (]: Writing injected SQL for node "test.nyc_taxi.unique_stg_trip_trip_id.ed3fd31a0e"
[0m21:54:09.863210 [debug] [Thread-1 (]: Began compiling node test.nyc_taxi.not_null_stg_trip_trip_id.4a9f752229
[0m21:54:09.888750 [debug] [Thread-1 (]: Writing injected SQL for node "test.nyc_taxi.not_null_stg_trip_trip_id.4a9f752229"
[0m21:54:09.892513 [debug] [Thread-1 (]: Began executing node test.nyc_taxi.not_null_stg_trip_trip_id.4a9f752229
[0m21:54:09.890066 [debug] [Thread-2 (]: Began executing node test.nyc_taxi.unique_stg_trip_trip_id.ed3fd31a0e
[0m21:54:09.932700 [debug] [Thread-2 (]: Writing runtime sql for node "test.nyc_taxi.unique_stg_trip_trip_id.ed3fd31a0e"
[0m21:54:09.933681 [debug] [Thread-1 (]: Writing runtime sql for node "test.nyc_taxi.not_null_stg_trip_trip_id.4a9f752229"
[0m21:54:09.936663 [debug] [Thread-2 (]: Using postgres connection "test.nyc_taxi.unique_stg_trip_trip_id.ed3fd31a0e"
[0m21:54:09.937726 [debug] [Thread-2 (]: On test.nyc_taxi.unique_stg_trip_trip_id.ed3fd31a0e: /* {"app": "dbt", "dbt_version": "1.12.0", "profile_name": "nyc_taxi", "target_name": "dev", "node_id": "test.nyc_taxi.unique_stg_trip_trip_id.ed3fd31a0e"} */

    
    select
      count(*) as failures,
      count(*) != 0 as should_warn,
      count(*) != 0 as should_error
    from (
      
    
  
    
    

select
    trip_id as unique_field,
    count(*) as n_records

from "postgres"."public_staging"."stg_trip"
where trip_id is not null
group by trip_id
having count(*) > 1



  
  
      
    ) dbt_internal_test
[0m21:54:09.938580 [debug] [Thread-2 (]: Opening a new connection, currently in state init
[0m21:54:09.939689 [debug] [Thread-1 (]: Using postgres connection "test.nyc_taxi.not_null_stg_trip_trip_id.4a9f752229"
[0m21:54:09.941123 [debug] [Thread-1 (]: On test.nyc_taxi.not_null_stg_trip_trip_id.4a9f752229: /* {"app": "dbt", "dbt_version": "1.12.0", "profile_name": "nyc_taxi", "target_name": "dev", "node_id": "test.nyc_taxi.not_null_stg_trip_trip_id.4a9f752229"} */

    
    select
      count(*) as failures,
      count(*) != 0 as should_warn,
      count(*) != 0 as should_error
    from (
      
    
  
    
    



select trip_id
from "postgres"."public_staging"."stg_trip"
where trip_id is null



  
  
      
    ) dbt_internal_test
[0m21:54:09.942344 [debug] [Thread-1 (]: Opening a new connection, currently in state init
[0m21:54:10.521297 [debug] [Thread-1 (]: SQL status: SELECT 1 in 0.579 seconds
[0m21:54:10.530148 [debug] [Thread-1 (]: On test.nyc_taxi.not_null_stg_trip_trip_id.4a9f752229: ROLLBACK
[0m21:54:10.577262 [debug] [Thread-2 (]: SQL status: SELECT 1 in 0.638 seconds
[0m21:54:10.580457 [debug] [Thread-2 (]: On test.nyc_taxi.unique_stg_trip_trip_id.ed3fd31a0e: ROLLBACK
[0m21:54:10.592616 [debug] [Thread-1 (]: On test.nyc_taxi.not_null_stg_trip_trip_id.4a9f752229: Close
[0m21:54:10.595320 [info ] [Thread-1 (]: 1 of 2 PASS not_null_stg_trip_trip_id .......................................... [[32mPASS[0m in 0.73s]
[0m21:54:10.597630 [debug] [Thread-1 (]: Finished running node test.nyc_taxi.not_null_stg_trip_trip_id.4a9f752229
[0m21:54:10.647027 [debug] [Thread-2 (]: On test.nyc_taxi.unique_stg_trip_trip_id.ed3fd31a0e: Close
[0m21:54:10.649317 [info ] [Thread-2 (]: 2 of 2 PASS unique_stg_trip_trip_id ............................................ [[32mPASS[0m in 0.83s]
[0m21:54:10.651471 [debug] [Thread-2 (]: Finished running node test.nyc_taxi.unique_stg_trip_trip_id.ed3fd31a0e
[0m21:54:10.655338 [debug] [MainThread]: On master: COMMIT
[0m21:54:10.656805 [debug] [MainThread]: Using postgres connection "master"
[0m21:54:10.657750 [debug] [MainThread]: On master: COMMIT
[0m21:54:10.658787 [debug] [MainThread]: Opening a new connection, currently in state closed
[0m21:54:11.267851 [debug] [MainThread]: SQL status: COMMIT in 0.609 seconds
[0m21:54:11.268860 [debug] [MainThread]: On master: Close
[0m21:54:11.270439 [debug] [MainThread]: Connection 'master' was properly closed.
[0m21:54:11.271173 [debug] [MainThread]: Connection 'list_postgres_public_staging' was properly closed.
[0m21:54:11.271894 [debug] [MainThread]: Connection 'test.nyc_taxi.unique_stg_trip_trip_id.ed3fd31a0e' was properly closed.
[0m21:54:11.272483 [debug] [MainThread]: Connection 'test.nyc_taxi.not_null_stg_trip_trip_id.4a9f752229' was properly closed.
[0m21:54:11.273098 [info ] [MainThread]: 
[0m21:54:11.274429 [info ] [MainThread]: Finished running 2 data tests in 0 hours 0 minutes and 3.08 seconds (3.08s).
[0m21:54:11.276920 [debug] [MainThread]: Command end result
[0m21:54:11.349878 [debug] [MainThread]: Wrote artifact WritableManifest to dbt\target\manifest.json
[0m21:54:11.357243 [debug] [MainThread]: Wrote artifact SemanticManifest to dbt\target\semantic_manifest.json
[0m21:54:11.365116 [debug] [MainThread]: Wrote artifact OsiDocument to dbt\target\osi_document.json
[0m21:54:11.385089 [debug] [MainThread]: Wrote artifact RunExecutionResult to dbt\target\run_results.json
[0m21:54:11.385968 [info ] [MainThread]: 
[0m21:54:11.387165 [info ] [MainThread]: [32mCompleted successfully[0m
[0m21:54:11.388390 [info ] [MainThread]: 
[0m21:54:11.389574 [info ] [MainThread]: Done. PASS=2 WARN=0 ERROR=0 SKIP=0 NO-OP=0 REUSED=0 TOTAL=2
[0m21:54:11.392439 [debug] [MainThread]: Command `dbt test` succeeded at 21:54:11.392152 after 4.26 seconds
[0m21:54:11.393611 [debug] [MainThread]: Sending event: {'category': 'dbt', 'action': 'invocation', 'label': 'end', 'context': [<snowplow_tracker.self_describing_json.SelfDescribingJson object at 0x0000028C2CA4B650>, <snowplow_tracker.self_describing_json.SelfDescribingJson object at 0x0000028C2CEBB750>, <snowplow_tracker.self_describing_json.SelfDescribingJson object at 0x0000028C2CEBA2B0>]}
[0m21:54:11.394614 [debug] [MainThread]: Flushing usage events
[0m21:54:12.478848 [debug] [MainThread]: An error was encountered while trying to flush usage events
